query,ID,description,sequence,host,organism,score
SARS-CoV-2-Mpro,ref|YP_009725295.1|,ORF1a polyprotein [Severe acute respiratory syndrome coronavirus 2],SGFRKMAFPSGKVEGCMVQVTCGTTTLNGLWLDDVVYCPRHVICTSEDMLNPNYEDLLIRKSNHNFLVQAGNVQLRVIGHSMQNCVLKLKVDTANPKTPKYKFVRIQPGQTFSVLACYNGSPSGVYQCAMRPNFTIKGSFLNGSCGSVGFNIDYDCVSFCYMHHMELPTGVHAGTDLEGNFYGPFVDRQTAQAAGTDTTITVNVLAWLYAAVINGDRWFLNRFTTTLNDFNLVAMKYNYEPLTQDHVDILGPLSAQTGIAVLDMCASLKELLQNGMNGRTILGSALLEDEFTPFDVVRQCSGVTFQ,Homo sapiens,Severe acute respiratory syndrome coronavirus 2,100.0
SARS-CoV-2-Mpro,ref|YP_009724389.1|,ORF1ab polyprotein [Severe acute respiratory syndrome coronavirus 2],SGFRKMAFPSGKVEGCMVQVTCGTTTLNGLWLDDVVYCPRHVICTSEDMLNPNYEDLLIRKSNHNFLVQAGNVQLRVIGHSMQNCVLKLKVDTANPKTPKYKFVRIQPGQTFSVLACYNGSPSGVYQCAMRPNFTIKGSFLNGSCGSVGFNIDYDCVSFCYMHHMELPTGVHAGTDLEGNFYGPFVDRQTAQAAGTDTTITVNVLAWLYAAVINGDRWFLNRFTTTLNDFNLVAMKYNYEPLTQDHVDILGPLSAQTGIAVLDMCASLKELLQNGMNGRTILGSALLEDEFTPFDVVRQCSGVTFQ,Homo sapiens,Severe acute respiratory syndrome coronavirus 2,100.0
SARS-CoV-2-Mpro,ref|YP_009725301.1|,3C-like proteinase [Severe acute respiratory syndrome coronavirus 2] >ref|YP_009742612.1| 3C-like proteinase [Severe acute respiratory syndrome coronavirus 2],SGFRKMAFPSGKVEGCMVQVTCGTTTLNGLWLDDVVYCPRHVICTSEDMLNPNYEDLLIRKSNHNFLVQAGNVQLRVIGHSMQNCVLKLKVDTANPKTPKYKFVRIQPGQTFSVLACYNGSPSGVYQCAMRPNFTIKGSFLNGSCGSVGFNIDYDCVSFCYMHHMELPTGVHAGTDLEGNFYGPFVDRQTAQAAGTDTTITVNVLAWLYAAVINGDRWFLNRFTTTLNDFNLVAMKYNYEPLTQDHVDILGPLSAQTGIAVLDMCASLKELLQNGMNGRTILGSALLEDEFTPFDVVRQCSGVTFQ,Homo sapiens,Severe acute respiratory syndrome coronavirus 2,100.0
SARS-CoV-2-Mpro,ref|YP_009944365.1|,ORF1a polyprotein [SARS coronavirus Tor2],SGFRKMAFPSGKVEGCMVQVTCGTTTLNGLWLDDTVYCPRHVICTAEDMLNPNYEDLLIRKSNHSFLVQAGNVQLRVIGHSMQNCLLRLKVDTSNPKTPKYKFVRIQPGQTFSVLACYNGSPSGVYQCAMRPNHTIKGSFLNGSCGSVGFNIDYDCVSFCYMHHMELPTGVHAGTDLEGKFYGPFVDRQTAQAAGTDTTITLNVLAWLYAAVINGDRWFLNRFTTTLNDFNLVAMKYNYEPLTQDHVDILGPLSAQTGIAVLDMCAALKELLQNGMNGRTILGSTILEDEFTPFDVVRQCSGVTFQ,Homo sapiens; patient #2 with severe acute respiratory syndrome (SARS),SARS coronavirus Tor2,96.08
SARS-CoV-2-Mpro,ref|NP_828849.7|,ORF1ab polyprotein [SARS coronavirus Tor2],SGFRKMAFPSGKVEGCMVQVTCGTTTLNGLWLDDTVYCPRHVICTAEDMLNPNYEDLLIRKSNHSFLVQAGNVQLRVIGHSMQNCLLRLKVDTSNPKTPKYKFVRIQPGQTFSVLACYNGSPSGVYQCAMRPNHTIKGSFLNGSCGSVGFNIDYDCVSFCYMHHMELPTGVHAGTDLEGKFYGPFVDRQTAQAAGTDTTITLNVLAWLYAAVINGDRWFLNRFTTTLNDFNLVAMKYNYEPLTQDHVDILGPLSAQTGIAVLDMCAALKELLQNGMNGRTILGSTILEDEFTPFDVVRQCSGVTFQ,Homo sapiens; patient #2 with severe acute respiratory syndrome (SARS),SARS coronavirus Tor2,96.08
SARS-CoV-2-Mpro,ref|NP_828863.1|,nsp5 [SARS coronavirus Tor2] >ref|YP_009944370.1| nsp5 [SARS coronavirus Tor2],SGFRKMAFPSGKVEGCMVQVTCGTTTLNGLWLDDTVYCPRHVICTAEDMLNPNYEDLLIRKSNHSFLVQAGNVQLRVIGHSMQNCLLRLKVDTSNPKTPKYKFVRIQPGQTFSVLACYNGSPSGVYQCAMRPNHTIKGSFLNGSCGSVGFNIDYDCVSFCYMHHMELPTGVHAGTDLEGKFYGPFVDRQTAQAAGTDTTITLNVLAWLYAAVINGDRWFLNRFTTTLNDFNLVAMKYNYEPLTQDHVDILGPLSAQTGIAVLDMCAALKELLQNGMNGRTILGSTILEDEFTPFDVVRQCSGVTFQ,Homo sapiens; patient #2 with severe acute respiratory syndrome (SARS),SARS coronavirus Tor2,96.08
SARS-CoV-2-Mpro,ref|YP_010229071.1|,ORF1a polyprotein [Bat coronavirus BM48-31/BGR/2008],SGFRKMAFPSGKVEGCMVQVTCGTTTLNGLWLDDVVYCPRHVICTLEDMLNPNYDDLLIRKSNHNFLVQASNVQLRVIGHTMQNCLLKLKVDIANPKTPKYKFVRIQPGQTFSVLACYNGAPSGVYQCAMRSNHTIKGSFLNGSCGSVGFNIDYDCVSFCYMHHMELPTGVHAGTDLEGNFYGPFVDRQTAQAAGTDTTITLNVLAWLYAAVINGERWFLNRFTTTLNDFNLVAMKYNYEPLTQDQVDILGPLSAQTGVAVMDMCAALKELLQNGLNGRTILGSTILEDEFTPFDVVRQCSGVTFQ,Rhinolophus blasii,Bat coronavirus BM48-31/BGR/2008,94.12
SARS-CoV-2-Mpro,ref|YP_003858583.1|,ORF1ab polyprotein [Bat coronavirus BM48-31/BGR/2008],SGFRKMAFPSGKVEGCMVQVTCGTTTLNGLWLDDVVYCPRHVICTLEDMLNPNYDDLLIRKSNHNFLVQASNVQLRVIGHTMQNCLLKLKVDIANPKTPKYKFVRIQPGQTFSVLACYNGAPSGVYQCAMRSNHTIKGSFLNGSCGSVGFNIDYDCVSFCYMHHMELPTGVHAGTDLEGNFYGPFVDRQTAQAAGTDTTITLNVLAWLYAAVINGERWFLNRFTTTLNDFNLVAMKYNYEPLTQDQVDILGPLSAQTGVAVMDMCAALKELLQNGLNGRTILGSTILEDEFTPFDVVRQCSGVTFQ,Rhinolophus blasii,Bat coronavirus BM48-31/BGR/2008,94.12
SARS-CoV-2-Mpro,ref|YP_009915659.1|,ORF1a polyprotein [Bat Hp-betacoronavirus/Zhejiang2013],PPSCSLASAVLQSGIRKMSCPTGKVERCMVRVTCGTMTLNGLWLDNTVYCPRHVMCTPEELLAPDYDSILLRKATHSFTVQYGTAYLKVVSYKMTGSVLQLGVDQINPETPKYKFVRAKPGATFSVLACYNGMPAGVYQVAMRPNHTIKGSFLNGSCGSVGYTLGYDRVEFCYMHHMELPTGVHTGTDLEGTFYGDFVDRQTSQSAGSDNTLTLNVLAWLYAAVINGERWFIVPQTCALTDFNTAVLKYGYQSLTEDGVAALDPLVAQTGISVQTMCASLKDLLVHGMRGRCILSSPTLEDEFTPFDIVRQCSGVTLQ,Hipposideros pratti,Bat Hp-betacoronavirus/Zhejiang2013,67.41
SARS-CoV-2-Mpro,ref|YP_009072438.1|,ORF1ab polyprotein [Bat Hp-betacoronavirus/Zhejiang2013],PPSCSLASAVLQSGIRKMSCPTGKVERCMVRVTCGTMTLNGLWLDNTVYCPRHVMCTPEELLAPDYDSILLRKATHSFTVQYGTAYLKVVSYKMTGSVLQLGVDQINPETPKYKFVRAKPGATFSVLACYNGMPAGVYQVAMRPNHTIKGSFLNGSCGSVGYTLGYDRVEFCYMHHMELPTGVHTGTDLEGTFYGDFVDRQTSQSAGSDNTLTLNVLAWLYAAVINGERWFIVPQTCALTDFNTAVLKYGYQSLTEDGVAALDPLVAQTGISVQTMCASLKDLLVHGMRGRCILSSPTLEDEFTPFDIVRQCSGVTLQ,Hipposideros pratti,Bat Hp-betacoronavirus/Zhejiang2013,67.41
SARS-CoV-2-Mpro,ref|YP_009924387.1|,nsp5 [Rousettus bat coronavirus HKU9],AGLTRMAHPSGLVEPCLVKVNYGSMTLNGIWLDNFVICPRHVMCSRDELANPDYPRLSMRAANYDFHVSQNGHNIRVIGHTMEGSLLKLTVDVNNPKTPAYSFIRVSTGQAMSLLACYDGLPTGVYTCTLRSNGTMRASFLCGSCGSPGFVMNGKEVQFCYLHQLELPNGTHTGTDFSGVFYGPFEDKQVPQLAAPDCTITVNVLAWLYAAVLSGENWFLTKSSISPAEFNNCAVKYMCQSVTSESLQVLQPLAAKTGISVERMLSALKVLLSAGFCGRTIMGSCSLEDEHTPYDIGRQMLGVKLQ,bat,Rousettus bat coronavirus HKU9,51.96
SARS-CoV-2-Mpro,ref|YP_009047217.1|,nsp5 protein [Middle East respiratory syndrome-related coronavirus] >ref|YP_009047233.1| nsp5 protein [Middle East respiratory syndrome-related coronavirus] >ref|YP_009944285.1| nsp5 [Betacoronavirus England 1] >ref|YP_009944296.1| nsp5 [Betacoronavirus England 1],SGLVKMSHPSGDVEACMVQVTCGSMTLNGLWLDNTVWCPRHVMCPADQLSDPNYDALLISMTNHSFSVQKHIGAPANLRVVGHAMQGTLLKLTVDVANPSTPAYTFTTVKPGAAFSVLACYNGRPTGTFTVVMRPNYTIKGSFLCGSCGSVGYTKEGSVINFCYMHQMELANGTHTGSAFDGTMYGAFMDKQVHQVQLTDKYCSVNVVAWLYAAILNGCAWFVKPNRTSVVSFNEWALANQFTEFVGTQSVDMLAVKTGVAIEQLLYAIQQLYTGFQGKQILGSTMLEDEFTPEDVNMQIMGVVMQ,Homo sapiens,Middle East respiratory syndrome-related coronavirus,51.31
SARS-CoV-2-Mpro,ref|YP_009273004.1|,ORF1ab polyprotein [Rousettus bat coronavirus],AATLQAGLAKMAHPSGLVEPCIVKVSYGTMTLNGVWLNNYVLCPRHVLCTRDDLVNPDYQRLSMRAANYDFHVSQNGLNLRVTGHVMEGALLRLTVDATNPKTPAHSFVRVSTGQAISILACYDGIPAGVYTCTLRANGTLRAAFLCGSCGSPGFVMNGKEVQFCYLHQLELPNGTHTGTDMHGAFYGPFEDKQVPQLASPDVTITVNVLAWLYAAVLSGESWFVTKLGITAAEFNTSAVKYMCQSVTEESLQVLQPLAAKTGVSVQRMLSSLKVLLSTGFCGKTIMGSCSLEDEHTPYDIGRQMLGVTLQ,Rousettus leschenaulti,Rousettus bat coronavirus,51.77
SARS-CoV-2-Mpro,ref|YP_009824988.1|,ORF1a polyprotein [Bat coronavirus],AASLQGGLAKMAHPSGPVEKCVVKVTYGTMTLNGIWLDDYVLCPRHVLCSRDDLAAPDYPRLCMRAANYDFIVTQQGHPLRVTGHTMEGALLKLTLDARNPNTPAYSFIRVATGQAISLLACYDGNPMGVYTCTMRGNGTLKASFLCGSCGSPGYVMNGKEVQFCYLHQLELPNGTHTGTDMQGVFYGPFEDKQVPQMATPDQIITVNVLAWLYAAVLSGDNWFVVKTGITPAEFNTAAIKHMCQSVSTDTLSTLQPLAAKTGISVERMLASLKLLLATGFCGKTIMGACTLEDEHTPYDIGRQMLGVSLQ,Eidolon helvum,Bat coronavirus,52.09
SARS-CoV-2-Mpro,ref|YP_009944377.1|,ORF1a polyprotein [Rousettus bat coronavirus HKU9],PPRCSVASAALQAGLTRMAHPSGLVEPCLVKVNYGSMTLNGIWLDNFVICPRHVMCSRDELANPDYPRLSMRAANYDFHVSQNGHNIRVIGHTMEGSLLKLTVDVNNPKTPAYSFIRVSTGQAMSLLACYDGLPTGVYTCTLRSNGTMRASFLCGSCGSPGFVMNGKEVQFCYLHQLELPNGTHTGTDFSGVFYGPFEDKQVPQLAAPDCTITVNVLAWLYAAVLSGENWFLTKSSISPAEFNNCAVKYMCQSVTSESLQVLQPLAAKTGISVERMLSALKVLLSAGFCGRTIMGSCSLEDEHTPYDIGRQMLGVKLQ,bat,Rousettus bat coronavirus HKU9,51.27
SARS-CoV-2-Mpro,ref|YP_001039970.1|,orf1ab polyprotein [Rousettus bat coronavirus HKU9],PPRCSVASAALQAGLTRMAHPSGLVEPCLVKVNYGSMTLNGIWLDNFVICPRHVMCSRDELANPDYPRLSMRAANYDFHVSQNGHNIRVIGHTMEGSLLKLTVDVNNPKTPAYSFIRVSTGQAMSLLACYDGLPTGVYTCTLRSNGTMRASFLCGSCGSPGFVMNGKEVQFCYLHQLELPNGTHTGTDFSGVFYGPFEDKQVPQLAAPDCTITVNVLAWLYAAVLSGENWFLTKSSISPAEFNNCAVKYMCQSVTSESLQVLQPLAAKTGISVERMLSALKVLLSAGFCGRTIMGSCSLEDEHTPYDIGRQMLGVKLQ,bat,Rousettus bat coronavirus HKU9,51.27
SARS-CoV-2-Mpro,ref|YP_009824989.2|,ORF1ab polyprotein [Bat coronavirus],AASLQGGLAKMAHPSGPVEKCVVKVTYGTMTLNGIWLDDYVLCPRHVLCSRDDLAAPDYPRLCMRAANYDFIVTQQGHPLRVTGHTMEGALLKLTLDARNPNTPAYSFIRVATGQAISLLACYDGNPMGVYTCTMRGNGTLKASFLCGSCGSPGYVMNGKEVQFCYLHQLELPNGTHTGTDMQGVFYGPFEDKQVPQMATPDQIITVNVLAWLYAAVLSGDNWFVVKTGITPAEFNTAAIKHMCQSVSTDTLSTLQPLAAKTGISVERMLASLKLLLATGFCGKTIMGACTLEDEHTPYDIGRQMLGVSLQ,Eidolon helvum,Bat coronavirus,52.09
SARS-CoV-2-Mpro,ref|YP_009944343.1|,nsp5 [Pipistrellus bat coronavirus HKU5] >ref|YP_009944358.1| nsp5 [Pipistrellus bat coronavirus HKU5],SGLVKMAAPSGVVENCMVQVTCGSMTLNGLWLDNYVWCPRHVMCPADQLSDPNYDALLVSKTNLSFIVQKNVGAPANLRVVGHTMVGTLLKLTVESANPQTPAYTFTTVKPGASFSVLACYNGRPTGVFMVNMRQNSTIKGSFLCGSCGSVGYTQEGNVINFCYMHQMELSNGTHTGCAFDGVMYGAFEDRQVHQVQLSDKYCTINIVAWLYAAILNGCNWFVKPNKTGIATFNEWAMSNQFTEFIGTQSVDMLAHKTGVSVEQLLYAIQTLHKGFQGKTILGNSMLEDEFTPDDVNMQVMGVVMQ,bat,Pipistrellus bat coronavirus HKU5,50.65
SARS-CoV-2-Mpro,ref|YP_009924361.1|,nsp5 [Rat coronavirus Parker] >ref|YP_009924372.1| nsp5 [Rat coronavirus Parker],SGIVKMVSPTSKVEPCVVSVTYGNMTLNGLWLDDKVYCPRHVICSSDDMTDPDYPNLLCRVTSSDFCVMSDRMSLTVMSYQMQGSLLVLTVTLQNPNTPKYSFGVVKPGETFTVLAAYNGRPQGAFHVVMRSSHTIKGSFLCGSCGSVGYVLTGDSVRFVYMHQLELSTGCHTGTDLSGNFYGPYRDAQVVQLPVQDYTQTVNVVAWLYAAILNRCNWFVQSDSCSLEEFNVWAMTNGFSSIKADLVLDALASMTGVTVEQVLAAIKRLYSGFQGKQILGSCVLEDELTPSDVYQQLSGVKLQ,rat,Rat coronavirus Parker,50.98
SARS-CoV-2-Mpro,ref|YP_009915677.1|,nsp5 [Murine hepatitis virus] >ref|YP_009915692.1| nsp5 [Murine hepatitis virus] >ref|YP_009924335.1| nsp5 [Murine hepatitis virus] >ref|YP_009924346.1| nsp5 [Murine hepatitis virus],SGIVKMVSPTSKVEPCIVSVTYGNMTLNGLWLDDKVYCPRHVICSSADMTDPDYPNLLCRVTSSDFCVMSGRMSLTVMSYQMQGCQLVLTVTLQNPNTPKYSFGVVKPGETFTVLAAYNGRPQGAFHVTLRSSHTIKGSFLCGSCGSVGYVLTGDSVRFVYMHQLELSTGCHTGTDFSGNFYGPYRDAQVVQLPVQDYTQTVNVVAWLYAAIFNRCNWFVQSDSCSLEEFNVWAMTNGFSSIKADLVLDALASMTGVTVEQVLAAIKRLHSGFQGKQILGSCVLEDELTPSDVYQQLAGVKLQ,Not found,Murine hepatitis virus,50.65
SARS-CoV-2-Mpro,ref|YP_009944314.1|,nsp5 [Tylonycteris bat coronavirus HKU4] >ref|YP_009944329.1| nsp5 [Tylonycteris bat coronavirus HKU4],SGLVKMSAPSGAVENCIVQVTCGSMTLNGLWLDNTVWCPRHIMCPADQLTDPNYDALLISKTNHSFIVQKHIGAQANLRVVAHSMVGVLLKLTVDVANPSTPAYTFSTVKPGASFSVLACYNGKPTGVFTVNLRHNSTIKGSFLCGSCGSVGYTENGGVINFVYMHQMELSNGTHTGSSFDGVMYGAFEDKQTHQLQLTDKYCTINVVAWLYAAVLNGCKWFVKPTRVGIVTYNEWALSNQFTEFVGTQSIDMLAHRTGVSVEQMLAAIQSLHAGFQGKTILGQSTLEDEFTPDDVNMQVMGVVMQ,bat,Tylonycteris bat coronavirus HKU4,50.33
SARS-CoV-2-Mpro,ref|YP_209248.1|,nsp5 or 3CLpro [Murine hepatitis virus strain JHM],SGIVKMVSPTSKVEPCVVSVTYGNMTLNGLWLDDKVYCPRHVICSSADMTDPDYPNLLCRVTSSDFCVMSDRMSLTVMSYQMQGSLLVLTVTLQNPNTPKYSFGVVKPGETFTVLAAYNGRPQGAFHVVMRSSHTIKGSFLCGSCGSVGYVLTGDSVRFVYMHQLELSTGCHTGTDFSGNFYGPYRDAQVVQLPVQDYTQTVNVVAWLYAAILNRCNWFVQSDSCSLEEFNVWAMTNGFSSIKADLVLDALASMTGVTVEQVLAAIKRLHSGFQGKQILGSCVLEDELTPSDVYQQLAGVKLQ,Not found,Murine hepatitis virus strain JHM,50.33
SARS-CoV-2-Mpro,ref|YP_009924413.1|,nsp5 [Rabbit coronavirus HKU14] >ref|YP_009944258.1| nsp5 [Rabbit coronavirus HKU14],SGIVKMVSPTSKVEPCVVSVTYGNMTLNGLWLDDKVYCPRHVICSASDMTNPDYPNLLCRVTSSDFTIMSDRMSLTVMSYQMQGCMLVLTVTLQNPRTPKYTFGVVKPGETFTVLAAYNGRPQGAFHVTMRSSFTIKGSFLCGSCGSVGYVLMGDCVKFVYMHQLELSTGCHTGTDFNGDFYGPYKDAQVVQLPVQDYVQSVNFVAWLYAAILNNCNWFVQSDRCSIEDYNVWAMSNGFSQIKSDLVVDALASMTGVSLENLLAAIKRLHKGFQGRQIMGSCAFEDELTPSDVYQQLAGVKLQ,Oryctolagus cuniculus,Rabbit coronavirus HKU14,48.37
SARS-CoV-2-Mpro,ref|YP_009944273.1|,nsp5 [Human coronavirus HKU1] >ref|YP_459936.1| nsp5 [Human coronavirus HKU1],SGIVKMVSPTSKIEPCIVSVTYGSMTLNGLWLDDKVYCPRHVICSSSNMNEPDYSALLCRVTLGDFTIMSGRMSLTVVSYQMQGCQLVLTVSLQNPYTPKYTFGNVKPGETFTVLAAYNGRPQGAFHVTMRSSYTIKGSFLCGSCGSVGYVLTGDSVKFVYMHQLELSTGCHTGTDFTGNFYGPYRDAQVVQLPVKDYVQTVNVIAWLYAAILNNCAWFVQNDVCSTEDFNVWAMANGFSQVKADLVLDALASMTGVSIETLLAAIKRLYMGFQGRQILGSCTFEDELAPSDVYQQLAGVKLQ,Homo sapiens,Human coronavirus HKU1,49.02
SARS-CoV-2-Mpro,ref|YP_009555250.1|,nsp2 [Human coronavirus OC43] >ref|YP_009924323.1| nsp5 [Human coronavirus OC43],SGIVKMVNPTSKVEPCVVSVTYGNMTLNGLWLDDKVYCPRHVICSASDMTNPDYTNLLCRVTSSDFTVLFDRLSLTVMSYQMRGCMLVLTVTLQNSRTPKYTFGVVKPGETFTVLAAYNGKPQGAFHVTMRSSYTIKGSFLCGSCGSVGYVIMGDCVKFVYMHQLELSTGCHTGTDFNGDFYGPYKDAQVVQLLIQDYIQSVNFVAWLYAAILNNCNWFVQSDKCSVEDFNVWALSNGFSQVKSDLVIDALASMTGVSLETLLAAIKRLKNGFQGRQIMGSCSFEDELTPSDVYQQLAGIKLQ,Not found,Human coronavirus OC43,48.04
SARS-CoV-2-Mpro,ref|YP_009047203.1|,1A polyprotein [Middle East respiratory syndrome-related coronavirus],SGLVKMSHPSGDVEACMVQVTCGSMTLNGLWLDNTVWCPRHVMCPADQLSDPNYDALLISMTNHSFSVQKHIGAPANLRVVGHAMQGTLLKLTVDVANPSTPAYTFTTVKPGAAFSVLACYNGRPTGTFTVVMRPNYTIKGSFLCGSCGSVGYTKEGSVINFCYMHQMELANGTHTGSAFDGTMYGAFMDKQVHQVQLTDKYCSVNVVAWLYAAILNGCAWFVKPNRTSVVSFNEWALANQFTEFVGTQSVDMLAVKTGVAIEQLLYAIQQLYTGFQGKQILGSTMLEDEFTPEDVNMQIMGVVMQ,Homo sapiens,Middle East respiratory syndrome-related coronavirus,51.31
SARS-CoV-2-Mpro,ref|YP_007188578.1|,ORF1a polyprotein [Betacoronavirus England 1],SGLVKMSHPSGDVEACMVQVTCGSMTLNGLWLDNTVWCPRHVMCPADQLSDPNYDALLISMTNHSFSVQKHIGAPANLRVVGHAMQGTLLKLTVDVANPSTPAYTFTTVKPGAAFSVLACYNGRPTGTFTVVMRPNYTIKGSFLCGSCGSVGYTKEGSVINFCYMHQMELANGTHTGSAFDGTMYGAFMDKQVHQVQLTDKYCSVNVVAWLYAAILNGCAWFVKPNRTSVVSFNEWALANQFTEFVGTQSVDMLAVKTGVAIEQLLYAIQQLYTGFQGKQILGSTMLEDEFTPEDVNMQIMGVVMQ,Homo sapiens,Betacoronavirus England 1,51.31
SARS-CoV-2-Mpro,ref|YP_007188577.3|,ORF1ab polyprotein [Betacoronavirus England 1],SGLVKMSHPSGDVEACMVQVTCGSMTLNGLWLDNTVWCPRHVMCPADQLSDPNYDALLISMTNHSFSVQKHIGAPANLRVVGHAMQGTLLKLTVDVANPSTPAYTFTTVKPGAAFSVLACYNGRPTGTFTVVMRPNYTIKGSFLCGSCGSVGYTKEGSVINFCYMHQMELANGTHTGSAFDGTMYGAFMDKQVHQVQLTDKYCSVNVVAWLYAAILNGCAWFVKPNRTSVVSFNEWALANQFTEFVGTQSVDMLAVKTGVAIEQLLYAIQQLYTGFQGKQILGSTMLEDEFTPEDVNMQIMGVVMQ,Homo sapiens,Betacoronavirus England 1,51.31
SARS-CoV-2-Mpro,ref|YP_009047202.1|,1AB polyprotein [Middle East respiratory syndrome-related coronavirus],SGLVKMSHPSGDVEACMVQVTCGSMTLNGLWLDNTVWCPRHVMCPADQLSDPNYDALLISMTNHSFSVQKHIGAPANLRVVGHAMQGTLLKLTVDVANPSTPAYTFTTVKPGAAFSVLACYNGRPTGTFTVVMRPNYTIKGSFLCGSCGSVGYTKEGSVINFCYMHQMELANGTHTGSAFDGTMYGAFMDKQVHQVQLTDKYCSVNVVAWLYAAILNGCAWFVKPNRTSVVSFNEWALANQFTEFVGTQSVDMLAVKTGVAIEQLLYAIQQLYTGFQGKQILGSTMLEDEFTPEDVNMQIMGVVMQ,Homo sapiens,Middle East respiratory syndrome-related coronavirus,51.31
SARS-CoV-2-Mpro,ref|YP_009361855.1|,ORF1a polyprotein [Bat coronavirus],SGLVRMSHPSGDVEACMVQVTCGSMTLNGLWLDNTVWCPRHVMCPADQLADPNYDALLVSMTNHSFSVNKHIGAPANLRVIGHAMQGTLLKLTVDVANPSTPAYTFTTVKPGASFSVLACYNGRPTGTFTVVMRPNYTIKGSFLCGSCGSVGYTKEGSVINFCYMHQMELANGTHTGSAFDGTMYGAFLDKQVHQVQLTDKYCSTNVVAWLYAAILNGCAWFVKSNRTSIVSFNEWALANQFTEFVGTQSIDMLAVKTGVAIEQLLYAIQQLHTGFQGKQILGSSMLEDEFTPEDVNMQIMGVVMQ,Pipistrellus cf. hesperidus; specimen voucher: OTBA03-20130220,Bat coronavirus,50.0
SARS-CoV-2-Mpro,ref|YP_009513009.1|,ORF1a polyprotein [Betacoronavirus Erinaceus/VMC/DEU/2012],SGLVKMAHPSGAVEQCIVQVTCGSMTLNGLWLDNIVYCPRHVMCPQDQLVDPNYDALLNSMTNHSFTIQRHGRSTANLRCTGHAMHGTLLKLTVDSANPETPAYTFTTIKQGSSFSVLACYNGRPSGTYTVVMRPNSTIKGSFLCGSCGSVGYVKEGNVINFCYMHQMELSNGTHTGSSFDGNMYGNFQDRQIYQAQLSDKHCTINVVAWLYAAVLNGCNWFVKPNKTGVAAFNEWALSNQFTEFVSTQALELLAVKTGVQIEQLLYSIQQLNNGFQGNVILGSAMLEDEYTPEDVNMQMMGVVMQ,Erinaceus europaeus,Betacoronavirus Erinaceus/VMC/DEU/2012,51.63
SARS-CoV-2-Mpro,ref|YP_009361856.2|,ORF1ab polyprotein [Bat coronavirus],SGLVRMSHPSGDVEACMVQVTCGSMTLNGLWLDNTVWCPRHVMCPADQLADPNYDALLVSMTNHSFSVNKHIGAPANLRVIGHAMQGTLLKLTVDVANPSTPAYTFTTVKPGASFSVLACYNGRPTGTFTVVMRPNYTIKGSFLCGSCGSVGYTKEGSVINFCYMHQMELANGTHTGSAFDGTMYGAFLDKQVHQVQLTDKYCSTNVVAWLYAAILNGCAWFVKSNRTSIVSFNEWALANQFTEFVGTQSIDMLAVKTGVAIEQLLYAIQQLHTGFQGKQILGSSMLEDEFTPEDVNMQIMGVVMQ,Pipistrellus cf. hesperidus; specimen voucher: OTBA03-20130220,Bat coronavirus,50.0
SARS-CoV-2-Mpro,ref|YP_009513008.1|,ORF1ab polyprotein [Betacoronavirus Erinaceus/VMC/DEU/2012],SGLVKMAHPSGAVEQCIVQVTCGSMTLNGLWLDNIVYCPRHVMCPQDQLVDPNYDALLNSMTNHSFTIQRHGRSTANLRCTGHAMHGTLLKLTVDSANPETPAYTFTTIKQGSSFSVLACYNGRPSGTYTVVMRPNSTIKGSFLCGSCGSVGYVKEGNVINFCYMHQMELSNGTHTGSSFDGNMYGNFQDRQIYQAQLSDKHCTINVVAWLYAAVLNGCNWFVKPNKTGVAAFNEWALSNQFTEFVSTQALELLAVKTGVQIEQLLYSIQQLNNGFQGNVILGSAMLEDEYTPEDVNMQMMGVVMQ,Erinaceus europaeus,Betacoronavirus Erinaceus/VMC/DEU/2012,51.63
SARS-CoV-2-Mpro,ref|YP_009944265.1|,ORF1a polyprotein [Rodent coronavirus],SGIVKMVNPTSKVEPCMVSVTYGSMTLNGLWLDDKVYCPRHVICSQSDLTNPDYTQLLCRVTSSDFTVMFDRMSLTVMSYQMQGCMLVLTVTLQNPKTPKYTFGVVKPGETFTVLATYNGKPQGAFHVTMRSSFTIKGSFLCGSCGSVGYVMMGDCVKFVYMHQLELSTGCHTGTDFNGDFYGPYKDAQVVQLPIQDYVQTVNFVAWLYAAILNNCNWFVQSDTCCIEDFNMWAMSNGFSQFVPDLVIDALASMTGVTVEKLLAAIKRLHNGFHGRQIMGSCSFEDELTPTDVYQQLAGVKLQ,Myodes rufocanus,Rodent coronavirus,50.65
SARS-CoV-2-Mpro,ref|YP_009755832.1|,ORF1ab polyprotein [Rodent coronavirus],SGIVKMVNPTSKVEPCMVSVTYGSMTLNGLWLDDKVYCPRHVICSQSDLTNPDYTQLLCRVTSSDFTVMFDRMSLTVMSYQMQGCMLVLTVTLQNPKTPKYTFGVVKPGETFTVLATYNGKPQGAFHVTMRSSFTIKGSFLCGSCGSVGYVMMGDCVKFVYMHQLELSTGCHTGTDFNGDFYGPYKDAQVVQLPIQDYVQTVNFVAWLYAAILNNCNWFVQSDTCCIEDFNMWAMSNGFSQFVPDLVIDALASMTGVTVEKLLAAIKRLHNGFHGRQIMGSCSFEDELTPTDVYQQLAGVKLQ,Myodes rufocanus,Rodent coronavirus,50.65
SARS-CoV-2-Mpro,ref|YP_009944337.1|,ORF1a polyprotein [Pipistrellus bat coronavirus HKU5],SGLVKMAAPSGVVENCMVQVTCGSMTLNGLWLDNYVWCPRHVMCPADQLSDPNYDALLVSKTNLSFIVQKNVGAPANLRVVGHTMVGTLLKLTVESANPQTPAYTFTTVKPGASFSVLACYNGRPTGVFMVNMRQNSTIKGSFLCGSCGSVGYTQEGNVINFCYMHQMELSNGTHTGCAFDGVMYGAFEDRQVHQVQLSDKYCTINIVAWLYAAILNGCNWFVKPNKTGIATFNEWAMSNQFTEFIGTQSVDMLAHKTGVSVEQLLYAIQTLHKGFQGKTILGNSMLEDEFTPDDVNMQVMGVVMQ,bat,Pipistrellus bat coronavirus HKU5,50.65
SARS-CoV-2-Mpro,ref|YP_001039961.1|,ORF1ab polyprotein [Pipistrellus bat coronavirus HKU5],SGLVKMAAPSGVVENCMVQVTCGSMTLNGLWLDNYVWCPRHVMCPADQLSDPNYDALLVSKTNLSFIVQKNVGAPANLRVVGHTMVGTLLKLTVESANPQTPAYTFTTVKPGASFSVLACYNGRPTGVFMVNMRQNSTIKGSFLCGSCGSVGYTQEGNVINFCYMHQMELSNGTHTGCAFDGVMYGAFEDRQVHQVQLSDKYCTINIVAWLYAAILNGCNWFVKPNKTGIATFNEWAMSNQFTEFIGTQSVDMLAHKTGVSVEQLLYAIQTLHKGFQGKTILGNSMLEDEFTPDDVNMQVMGVVMQ,bat,Pipistrellus bat coronavirus HKU5,50.65
SARS-CoV-2-Mpro,ref|YP_009824979.1|,ORF1a polyprotein [Murine hepatitis virus],SGIVKMVSPTSKVEPCIVSVTYGNMTLNGLWLDDKVYCPRHVICSSADMTDPDYPNLLCRVTSSDFCVMSGRMSLTVMSYQMQGCQLVLTVTLQNPNTPKYSFGVVKPGETFTVLAAYNGRPQGAFHVTLRSSHTIKGSFLCGSCGSVGYVLTGDSVRFVYMHQLELSTGCHTGTDFSGNFYGPYRDAQVVQLPVQDYTQTVNVVAWLYAAIFNRCNWFVQSDSCSLEEFNVWAMTNGFSSIKADLVLDALASMTGVTVEQVLAAIKRLHSGFQGKQILGSCVLEDELTPSDVYQQLAGVKLQ,Not found,Murine hepatitis virus,50.65
SARS-CoV-2-Mpro,ref|NP_045298.1|,ORF1a polyprotein [Murine hepatitis virus],SGIVKMVSPTSKVEPCIVSVTYGNMTLNGLWLDDKVYCPRHVICSSADMTDPDYPNLLCRVTSSDFCVMSGRMSLTVMSYQMQGCQLVLTVTLQNPNTPKYSFGVVKPGETFTVLAAYNGRPQGAFHVTLRSSHTIKGSFLCGSCGSVGYVLTGDSVRFVYMHQLELSTGCHTGTDFSGNFYGPYRDAQVVQLPVQDYTQTVNVVAWLYAAIFNRCNWFVQSDSCSLEEFNVWAMTNGFSSIKADLVLDALASMTGVTVEQVLAAIKRLHSGFQGKQILGSCVLEDELTPSDVYQQLAGVKLQ,Not found,Murine hepatitis virus,50.65
SARS-CoV-2-Mpro,ref|YP_003029845.1|,ORF1a polyprotein [Rat coronavirus Parker],SGIVKMVSPTSKVEPCVVSVTYGNMTLNGLWLDDKVYCPRHVICSSDDMTDPDYPNLLCRVTSSDFCVMSDRMSLTVMSYQMQGSLLVLTVTLQNPNTPKYSFGVVKPGETFTVLAAYNGRPQGAFHVVMRSSHTIKGSFLCGSCGSVGYVLTGDSVRFVYMHQLELSTGCHTGTDLSGNFYGPYRDAQVVQLPVQDYTQTVNVVAWLYAAILNRCNWFVQSDSCSLEEFNVWAMTNGFSSIKADLVLDALASMTGVTVEQVLAAIKRLYSGFQGKQILGSCVLEDELTPSDVYQQLSGVKLQ,rat,Rat coronavirus Parker,50.98
SARS-CoV-2-Mpro,ref|NP_045299.2|,ORF1ab polyprotein [Murine hepatitis virus],SGIVKMVSPTSKVEPCIVSVTYGNMTLNGLWLDDKVYCPRHVICSSADMTDPDYPNLLCRVTSSDFCVMSGRMSLTVMSYQMQGCQLVLTVTLQNPNTPKYSFGVVKPGETFTVLAAYNGRPQGAFHVTLRSSHTIKGSFLCGSCGSVGYVLTGDSVRFVYMHQLELSTGCHTGTDFSGNFYGPYRDAQVVQLPVQDYTQTVNVVAWLYAAIFNRCNWFVQSDSCSLEEFNVWAMTNGFSSIKADLVLDALASMTGVTVEQVLAAIKRLHSGFQGKQILGSCVLEDELTPSDVYQQLAGVKLQ,Not found,Murine hepatitis virus,50.65
SARS-CoV-2-Mpro,ref|YP_003029844.1|,ORF1ab polyprotein [Rat coronavirus Parker],SGIVKMVSPTSKVEPCVVSVTYGNMTLNGLWLDDKVYCPRHVICSSDDMTDPDYPNLLCRVTSSDFCVMSDRMSLTVMSYQMQGSLLVLTVTLQNPNTPKYSFGVVKPGETFTVLAAYNGRPQGAFHVVMRSSHTIKGSFLCGSCGSVGYVLTGDSVRFVYMHQLELSTGCHTGTDLSGNFYGPYRDAQVVQLPVQDYTQTVNVVAWLYAAILNRCNWFVQSDSCSLEEFNVWAMTNGFSSIKADLVLDALASMTGVTVEQVLAAIKRLYSGFQGKQILGSCVLEDELTPSDVYQQLSGVKLQ,rat,Rat coronavirus Parker,50.98
SARS-CoV-2-Mpro,ref|YP_009824978.1|,ORF1ab polyprotein [Murine hepatitis virus],SGIVKMVSPTSKVEPCIVSVTYGNMTLNGLWLDDKVYCPRHVICSSADMTDPDYPNLLCRVTSSDFCVMSGRMSLTVMSYQMQGCQLVLTVTLQNPNTPKYSFGVVKPGETFTVLAAYNGRPQGAFHVTLRSSHTIKGSFLCGSCGSVGYVLTGDSVRFVYMHQLELSTGCHTGTDFSGNFYGPYRDAQVVQLPVQDYTQTVNVVAWLYAAIFNRCNWFVQSDSCSLEEFNVWAMTNGFSSIKADLVLDALASMTGVTVEQVLAAIKRLHSGFQGKQILGSCVLEDELTPSDVYQQLAGVKLQ,Not found,Murine hepatitis virus,50.65
SARS-CoV-2-Mpro,ref|YP_009944308.1|,ORF1a polyprotein [Tylonycteris bat coronavirus HKU4],SGLVKMSAPSGAVENCIVQVTCGSMTLNGLWLDNTVWCPRHIMCPADQLTDPNYDALLISKTNHSFIVQKHIGAQANLRVVAHSMVGVLLKLTVDVANPSTPAYTFSTVKPGASFSVLACYNGKPTGVFTVNLRHNSTIKGSFLCGSCGSVGYTENGGVINFVYMHQMELSNGTHTGSSFDGVMYGAFEDKQTHQLQLTDKYCTINVVAWLYAAVLNGCKWFVKPTRVGIVTYNEWALSNQFTEFVGTQSIDMLAHRTGVSVEQMLAAIQSLHAGFQGKTILGQSTLEDEFTPDDVNMQVMGVVMQ,bat,Tylonycteris bat coronavirus HKU4,50.33
SARS-CoV-2-Mpro,ref|YP_009944253.1|,ORF1a polyprotein [Rabbit coronavirus HKU14],SGIVKMVSPTSKVEPCVVSVTYGNMTLNGLWLDDKVYCPRHVICSASDMTNPDYPNLLCRVTSSDFTIMSDRMSLTVMSYQMQGCMLVLTVTLQNPRTPKYTFGVVKPGETFTVLAAYNGRPQGAFHVTMRSSFTIKGSFLCGSCGSVGYVLMGDCVKFVYMHQLELSTGCHTGTDFNGDFYGPYKDAQVVQLPVQDYVQSVNFVAWLYAAILNNCNWFVQSDRCSIEDYNVWAMSNGFSQIKSDLVVDALASMTGVSLENLLAAIKRLHKGFQGRQIMGSCAFEDELTPSDVYQQLAGVKLQ,Oryctolagus cuniculus,Rabbit coronavirus HKU14,48.37
SARS-CoV-2-Mpro,ref|YP_005454239.1|,ORF1ab polyprotein [Rabbit coronavirus HKU14],SGIVKMVSPTSKVEPCVVSVTYGNMTLNGLWLDDKVYCPRHVICSASDMTNPDYPNLLCRVTSSDFTIMSDRMSLTVMSYQMQGCMLVLTVTLQNPRTPKYTFGVVKPGETFTVLAAYNGRPQGAFHVTMRSSFTIKGSFLCGSCGSVGYVLMGDCVKFVYMHQLELSTGCHTGTDFNGDFYGPYKDAQVVQLPVQDYVQSVNFVAWLYAAILNNCNWFVQSDRCSIEDYNVWAMSNGFSQIKSDLVVDALASMTGVSLENLLAAIKRLHKGFQGRQIMGSCAFEDELTPSDVYQQLAGVKLQ,Oryctolagus cuniculus,Rabbit coronavirus HKU14,48.37
SARS-CoV-2-Mpro,ref|YP_001039952.1|,ORF1ab polyprotein [Tylonycteris bat coronavirus HKU4],SGLVKMSAPSGAVENCIVQVTCGSMTLNGLWLDNTVWCPRHIMCPADQLTDPNYDALLISKTNHSFIVQKHIGAQANLRVVAHSMVGVLLKLTVDVANPSTPAYTFSTVKPGASFSVLACYNGKPTGVFTVNLRHNSTIKGSFLCGSCGSVGYTENGGVINFVYMHQMELSNGTHTGSSFDGVMYGAFEDKQTHQLQLTDKYCTINVVAWLYAAVLNGCKWFVKPTRVGIVTYNEWALSNQFTEFVGTQSIDMLAHRTGVSVEQMLAAIQSLHAGFQGKTILGQSTLEDEFTPDDVNMQVMGVVMQ,bat,Tylonycteris bat coronavirus HKU4,50.33
SARS-CoV-2-Mpro,ref|YP_209230.1|,ORF1a polyprotein [Murine hepatitis virus strain JHM],SGIVKMVSPTSKVEPCVVSVTYGNMTLNGLWLDDKVYCPRHVICSSADMTDPDYPNLLCRVTSSDFCVMSDRMSLTVMSYQMQGSLLVLTVTLQNPNTPKYSFGVVKPGETFTVLAAYNGRPQGAFHVVMRSSHTIKGSFLCGSCGSVGYVLTGDSVRFVYMHQLELSTGCHTGTDFSGNFYGPYRDAQVVQLPVQDYTQTVNVVAWLYAAILNRCNWFVQSDSCSLEEFNVWAMTNGFSSIKADLVLDALASMTGVTVEQVLAAIKRLHSGFQGKQILGSCVLEDELTPSDVYQQLAGVKLQ,Not found,Murine hepatitis virus strain JHM,50.33
SARS-CoV-2-Mpro,ref|YP_209229.2|,ORF1ab polyprotein [Murine hepatitis virus strain JHM],SGIVKMVSPTSKVEPCVVSVTYGNMTLNGLWLDDKVYCPRHVICSSADMTDPDYPNLLCRVTSSDFCVMSDRMSLTVMSYQMQGSLLVLTVTLQNPNTPKYSFGVVKPGETFTVLAAYNGRPQGAFHVVMRSSHTIKGSFLCGSCGSVGYVLTGDSVRFVYMHQLELSTGCHTGTDFSGNFYGPYRDAQVVQLPVQDYTQTVNVVAWLYAAILNRCNWFVQSDSCSLEEFNVWAMTNGFSSIKADLVLDALASMTGVTVEQVLAAIKRLHSGFQGKQILGSCVLEDELTPSDVYQQLAGVKLQ,Not found,Murine hepatitis virus strain JHM,50.33
SARS-CoV-2-Mpro,ref|YP_009944267.1|,ORF1a polyprotein [Betacoronavirus HKU24],SGIAKIVCPTSKVEPCIVSVTYGNMTLNGLWLDNKVYCPRHVICAANDMVDPDYEALLCRVTSTDFVVMFDRMSLTVMSYQMQGAMLILTVTLQNTKTPKYTFGNVKPGETFTVLAAYNGKPQGAFHVTMRSSFTIKGSFLCGSCGSVGYVLMGDCVKFVYMHQLELSTGCHTGTDFNGNFYGPYRDAQVVQLPIQDYVQSVNFVAWLYAAILNNCNWFIQSDICSVEDYNVWAMANGFSQFTMDLVIDALASMTGVPVEKCLAAIKRLNNGFQGRQILGSCVFEDELTPSDVYQQLAGVKLQ,Rattus norvegicus (Norway rat),Betacoronavirus HKU24,49.35
SARS-CoV-2-Mpro,ref|YP_009113022.1|,ORF1ab polyprotein [Betacoronavirus HKU24],SGIAKIVCPTSKVEPCIVSVTYGNMTLNGLWLDNKVYCPRHVICAANDMVDPDYEALLCRVTSTDFVVMFDRMSLTVMSYQMQGAMLILTVTLQNTKTPKYTFGNVKPGETFTVLAAYNGKPQGAFHVTMRSSFTIKGSFLCGSCGSVGYVLMGDCVKFVYMHQLELSTGCHTGTDFNGNFYGPYRDAQVVQLPIQDYVQSVNFVAWLYAAILNNCNWFIQSDICSVEDYNVWAMANGFSQFTMDLVIDALASMTGVPVEKCLAAIKRLNNGFQGRQILGSCVFEDELTPSDVYQQLAGVKLQ,Rattus norvegicus (Norway rat),Betacoronavirus HKU24,49.35
SARS-CoV-2-Mpro,ref|NP_150074.1|,orf1a polyprotein [Bovine coronavirus],SGIVKMVNPTSKVEPCIVSVTYGNMTLNGLWLDDKVYCPRHVICSASDMTNPDYTNLLCRVTSSDFTVLFDRLSLTVMSYQMQGCMLVLTVTLQNSRTPKYTFGVVKPGETFTVLAAYNGKPQGAFHVTMRSSYTIKGSFLCGSCGSVGYVLMGDCVKFVYMHQLELSTGCHTGTDFNGDFYGPYKDAQVVQLPVQDYIQSVNFVAWLYAAILNNCNWFVQSDKCSVEDFNVWALSNGFSQVKSDLVIDALASMTGVSLETLLAAIKRLKNGFQGRQIMGSCSFEDELTPSDVYQQLAGIKLQ,Not found,Bovine coronavirus,48.04
SARS-CoV-2-Mpro,ref|NP_150073.3|,orf1ab polyprotein [Bovine coronavirus],SGIVKMVNPTSKVEPCIVSVTYGNMTLNGLWLDDKVYCPRHVICSASDMTNPDYTNLLCRVTSSDFTVLFDRLSLTVMSYQMQGCMLVLTVTLQNSRTPKYTFGVVKPGETFTVLAAYNGKPQGAFHVTMRSSYTIKGSFLCGSCGSVGYVLMGDCVKFVYMHQLELSTGCHTGTDFNGDFYGPYKDAQVVQLPVQDYIQSVNFVAWLYAAILNNCNWFVQSDKCSVEDFNVWALSNGFSQVKSDLVIDALASMTGVSLETLLAAIKRLKNGFQGRQIMGSCSFEDELTPSDVYQQLAGIKLQ,Not found,Bovine coronavirus,48.04
SARS-CoV-2-Mpro,ref|YP_009924317.1|,ORF1a polyprotein [Human coronavirus OC43],SGIVKMVNPTSKVEPCVVSVTYGNMTLNGLWLDDKVYCPRHVICSASDMTNPDYTNLLCRVTSSDFTVLFDRLSLTVMSYQMRGCMLVLTVTLQNSRTPKYTFGVVKPGETFTVLAAYNGKPQGAFHVTMRSSYTIKGSFLCGSCGSVGYVIMGDCVKFVYMHQLELSTGCHTGTDFNGDFYGPYKDAQVVQLLIQDYIQSVNFVAWLYAAILNNCNWFVQSDKCSVEDFNVWALSNGFSQVKSDLVIDALASMTGVSLETLLAAIKRLKNGFQGRQIMGSCSFEDELTPSDVYQQLAGIKLQ,Not found,Human coronavirus OC43,48.04
SARS-CoV-2-Mpro,ref|YP_009944268.1|,ORF1a polyprotein [Human coronavirus HKU1],SGIVKMVSPTSKIEPCIVSVTYGSMTLNGLWLDDKVYCPRHVICSSSNMNEPDYSALLCRVTLGDFTIMSGRMSLTVVSYQMQGCQLVLTVSLQNPYTPKYTFGNVKPGETFTVLAAYNGRPQGAFHVTMRSSYTIKGSFLCGSCGSVGYVLTGDSVKFVYMHQLELSTGCHTGTDFTGNFYGPYRDAQVVQLPVKDYVQTVNVIAWLYAAILNNCAWFVQNDVCSTEDFNVWAMANGFSQVKADLVLDALASMTGVSIETLLAAIKRLYMGFQGRQILGSCTFEDELAPSDVYQQLAGVKLQ,Homo sapiens,Human coronavirus HKU1,49.02
SARS-CoV-2-Mpro,ref|YP_009555238.1|,ORF1ab polyprotein [Human coronavirus OC43],SGIVKMVNPTSKVEPCVVSVTYGNMTLNGLWLDDKVYCPRHVICSASDMTNPDYTNLLCRVTSSDFTVLFDRLSLTVMSYQMRGCMLVLTVTLQNSRTPKYTFGVVKPGETFTVLAAYNGKPQGAFHVTMRSSYTIKGSFLCGSCGSVGYVIMGDCVKFVYMHQLELSTGCHTGTDFNGDFYGPYKDAQVVQLLIQDYIQSVNFVAWLYAAILNNCNWFVQSDKCSVEDFNVWALSNGFSQVKSDLVIDALASMTGVSLETLLAAIKRLKNGFQGRQIMGSCSFEDELTPSDVYQQLAGIKLQ,Not found,Human coronavirus OC43,48.04
SARS-CoV-2-Mpro,ref|YP_173236.1|,ORF1ab polyprotein [Human coronavirus HKU1],SGIVKMVSPTSKIEPCIVSVTYGSMTLNGLWLDDKVYCPRHVICSSSNMNEPDYSALLCRVTLGDFTIMSGRMSLTVVSYQMQGCQLVLTVSLQNPYTPKYTFGNVKPGETFTVLAAYNGRPQGAFHVTMRSSYTIKGSFLCGSCGSVGYVLTGDSVKFVYMHQLELSTGCHTGTDFTGNFYGPYRDAQVVQLPVKDYVQTVNVIAWLYAAILNNCAWFVQNDVCSTEDFNVWAMANGFSQVKADLVLDALASMTGVSIETLLAAIKRLYMGFQGRQILGSCTFEDELAPSDVYQQLAGVKLQ,Homo sapiens,Human coronavirus HKU1,49.02
SARS-CoV-2-Mpro,ref|NP_839959.1|,putative coronavirus nsp2 (3CL-PRO) [Porcine epidemic diarrhea virus],AGLRKMAQPSGVVEKCIVRVCYGNMALNGLWLGDIVMCPRHVIASSTTSTIDYDYALSVLRLHNFSISSGNVFLGVVSATMRGALLQIKVNQNNVHTPKYTYRTVRPGESFNILACYDGAAAGVYGVNMRSNYTIRGSFINGACGSPGYNINNGTVEFCYLHQLELGSGCHVGSDLDGVMYGGYEDQPTLQVEGASSLFTENVLAFLYAALINGSTWWLSSSRIAVDRFNEWAVHNGMTTVGNTDCFSILAAKTGVDVQRLLASIQSLHKNFGGKQILGHTSLTDEFTTGEVVRQMYGVNLQ,Not found,Porcine epidemic diarrhea virus,45.1
SARS-CoV-2-Mpro,ref|YP_001351683.1|,ORF1 polyprotein [Scotophilus bat coronavirus 512],PTVSYNSTLQAGLRKMAQPSGIVEGCIVRVSYGNLTLNGLWLGDTVICPRHVIASNTTNVIDYDHAMSLVRLHNFSISSGNMFLGVISASMRGTLLHIKVNQSNVNTPNYTYKVLKPGDSFNILACYDGSAAGVYGVNMRTNYTIRGSFISGACGSPGYNINNGVVEFCYMHHLELGSGCHVGSDMDGTMYGKYEDQPTLQIEGASNLVTENVCSWLYGALINGDRWWLSSVSVGVDTYNEWALRNGMTALKNVDCFSLLVAKTGVDVGRLLASIQKLHGNFGGKSILGCTSLCDEFTLSEVVKQMYGVTLQ,Not found,Scotophilus bat coronavirus 512,44.62
SARS-CoV-2-Mpro,ref|YP_009019181.1|,orf1a polyprotein [Mink coronavirus strain WD1127],SGLRKIAQPSGIVEPCVVRVAYGNTVLNGLWLGDEVICPRHVIASDTTKTINYESDLLGVRLHNFSVSKGNDFLGVIGCSYRGVNLVIKVSQVNTQTPKHKFRTVKAGDSFNILACYDGKPNGVYGVNMRTQGTIRGSFINGTCGSPGYVLEGDTVHFVYMHHLELGNGSHVGSDFNGVMYGGYEDQPSLQLEGANVMSTDNVVAFLYAAIINGERWFINSGYTSLETFNNWARSNGYTELASIDVFSMLAAKTSINVERLLDAIMRLSTGLGGRTILGYGSLSDEFTPTEVVRQMFGVNLQ,Mustela vison,Mink coronavirus strain WD1127,47.71
SARS-CoV-2-Mpro,ref|YP_009019180.1|,orf1ab polyprotein [Mink coronavirus strain WD1127],SGLRKIAQPSGIVEPCVVRVAYGNTVLNGLWLGDEVICPRHVIASDTTKTINYESDLLGVRLHNFSVSKGNDFLGVIGCSYRGVNLVIKVSQVNTQTPKHKFRTVKAGDSFNILACYDGKPNGVYGVNMRTQGTIRGSFINGTCGSPGYVLEGDTVHFVYMHHLELGNGSHVGSDFNGVMYGGYEDQPSLQLEGANVMSTDNVVAFLYAAIINGERWFINSGYTSLETFNNWARSNGYTELASIDVFSMLAAKTSINVERLLDAIMRLSTGLGGRTILGYGSLSDEFTPTEVVRQMFGVNLQ,Mustela vison,Mink coronavirus strain WD1127,47.71
SARS-CoV-2-Mpro,ref|YP_010799342.1|,polyprotein [Bat alphacoronavirus],PTVSYNSTLQAGLRKMAQPSGIVERCMVRVSYGNMTLNGLWLGDVVICPRHVIASNTNNVIDYEKELSLVRLHNFSVSYGNMFLGVVGVTMRGALLHIKVNQANVNTPSYTYRTLRPGESFNILACYDGGASGVYGVNMRTNYTIRGSFISGACGSPGYNLSGGVVEFCYMHQLELGSGCHVGCDLDGAMYGGYEDQPTLQIEGASSLITENVLAFLYGALINGCRWWLSASRLSVEKFNEWAVHNGMTIVGNVDTYSILAAKTGVDVPRMLASIQSLQRNFGGKQIMGYTSLTDEFTTAEVIKQMFGVNLQ,Myotis daubentonii,Bat alphacoronavirus,44.94
SARS-CoV-2-Mpro,ref|NP_598309.2|,Pol1 [Porcine epidemic diarrhea virus],PTVSYNSTLQAGLRKMAQPSGVVEKCIVRVCYGNMALNGLWLGDIVMCPRHVIASSTTSTIDYDYALSVLRLHNFSISSGNVFLGVVSATMRGALLQIKVNQNNVHTPKYTYRTVRPGESFNILACYDGAAAGVYGVNMRSNYTIRGSFINGACGSPGYNINNGTVEFCYLHQLELGSGCHVGSDLDGVMYGGYEDQPTLQVEGASSLFTENVLAFLYAALINGSTWWLSSSRIAVDRFNEWAVHNGMTTVGNTDCFSILAAKTGVDVQRLLASIQSLHKNFGGKQILGHTSLTDEFTTGEVVRQMYGVNLQ,Not found,Porcine epidemic diarrhea virus,43.99
SARS-CoV-2-Mpro,ref|YP_010037467.1|,polyprotein 1ab [Alphacoronavirus sp.],SGLRKMAQPSGIVEKCIVRVCYGNTTLNGLWLGDLVICPRHVIAANTNAVIDYDHALSVVRLHNFSVSCGNMYLGVIGVTMRGALLHIKVGQVNVNTPKFTYRTLRPGESFNILACYDGEASGVFGVNMRPNGTIRGSFINGACGSPGYNVVKGVVEFCYVHQLELGSGCHVGSDLDGLIYGGYEDQPTLQIEGANNLVTENVVSFLYGALINGSNWWLSADRLSLDAFNEWAQHNGMTPIYNVDGFSILAAKTSVDVQRVLASIRVLQKSFGGRQIMGFTSLTDEFTMSEVVKQMFGVTLQ,microbat,Alphacoronavirus sp.,45.42
SARS-CoV-2-Mpro,ref|NP_835346.1|,putative coronavirus nsp2 (3CL-PRO) [Human coronavirus 229E],AGLRKMAQPSGFVEKCVVRVCYGNTVLNGLWLGDIVYCPRHVIASNTTSAIDYDHEYSIMRLHNFSIISGTAFLGVVGATMHGVTLKIKVSQTNMHTPRHSFRTLKSGEGFNILACYDGCAQGVFGVNMRTNWTIRGSFINGACGSPGYNLKNGEVEFVYMHQIELGSGSHVGSSFDGVMYGGFEDQPNLQVESANQMLTVNVVAFLYAAILNGCTWWLKGEKLFVEHYNEWAQANGFTAMNGEDAFSILAAKTGVCVERLLHAIQVLNNGFGGKQILGYSSLNDEFSINEVVKQMFGVNLQ,Not found,Human coronavirus 229E,41.18
SARS-CoV-2-Mpro,ref|YP_009256196.1|,ORF1a polyprotein [Ferret coronavirus],SGLRKIAQPSGVVEPCIVRVAYGSTVLNGLWLGDEVICPRHVIASDTSKPINYDTELLGVRLHNFSISKGNDFLGVIGCSYRGVNLIIKVSQNNTLTPKHKFKTVKAGESFNILACYDGKPNGVYGVNMRTQGTIKGSFINGTCGSPGYVLDGDIVNFVYMHHLELGNGSHVGSNLEGAMYGGYEDQPSMQLEGVNVMSTDNVVAFLYAALINGERWFVSNAAVALETYNNWAIANGFTELSSADSFSMLSAKTGVSVEKLLDAVMRLSTSLGGKTILGYGSLSDEFTTTEVVRQMFGVNLQ,Mustela putorius (ferret),Ferret coronavirus,46.41
SARS-CoV-2-Mpro,ref|YP_001718611.1|,ORF1a polyprotein [Miniopterus bat coronavirus HKU8],PSVSYNSTLQSGLKKMAQPSGIVEKCVVRVCYGNMTLNGLWLGDIVVCPRHVMASSTTNTIDYEYEYSMMRLHNFSVSVGNVFLGVNGVTMEGVNLHIKVNQSNPHTPKHTFRTLKPGDSFNILACYDGTPAGVYGITMRPNYTIRGSFINGACGSPGYNVVNGNVEFCYLHQLELGSGCHVGSNFDGIMYGNFQDQPSLQIEGADQLVTPNVVAFLYGALLNGVNWFVSPERLSVEAFNEWAHNNGFTDMSGAECFTMLAAKTGVDVQRVLASIQKIAKSFGGRNILGFTSLTDEFTAAEVIKQMYGVNLQ,Not found,Miniopterus bat coronavirus HKU8,42.72
SARS-CoV-2-Mpro,ref|YP_009256195.1|,ORF1ab polyprotein [Ferret coronavirus],SGLRKIAQPSGVVEPCIVRVAYGSTVLNGLWLGDEVICPRHVIASDTSKPINYDTELLGVRLHNFSISKGNDFLGVIGCSYRGVNLIIKVSQNNTLTPKHKFKTVKAGESFNILACYDGKPNGVYGVNMRTQGTIKGSFINGTCGSPGYVLDGDIVNFVYMHHLELGNGSHVGSNLEGAMYGGYEDQPSMQLEGVNVMSTDNVVAFLYAALINGERWFVSNAAVALETYNNWAIANGFTELSSADSFSMLSAKTGVSVEKLLDAVMRLSTSLGGKTILGYGSLSDEFTTTEVVRQMFGVNLQ,Mustela putorius (ferret),Ferret coronavirus,46.41
SARS-CoV-2-Mpro,ref|YP_001718610.1|,ORF1ab polyprotein [Miniopterus bat coronavirus HKU8],PSVSYNSTLQSGLKKMAQPSGIVEKCVVRVCYGNMTLNGLWLGDIVVCPRHVMASSTTNTIDYEYEYSMMRLHNFSVSVGNVFLGVNGVTMEGVNLHIKVNQSNPHTPKHTFRTLKPGDSFNILACYDGTPAGVYGITMRPNYTIRGSFINGACGSPGYNVVNGNVEFCYLHQLELGSGCHVGSNFDGIMYGNFQDQPSLQIEGADQLVTPNVVAFLYGALLNGVNWFVSPERLSVEAFNEWAHNNGFTDMSGAECFTMLAAKTGVDVQRVLASIQKIAKSFGGRNILGFTSLTDEFTAAEVIKQMYGVNLQ,Not found,Miniopterus bat coronavirus HKU8,42.72
SARS-CoV-2-Mpro,ref|YP_010799729.1|,polyprotein 1ab [Alphacoronavirus sp.],PTVSYNSTLQSGLRKMAQPSGIVEKCVVRVSYGNMTLNGLWLGDTVICPRHVIASSTTTTIDYEHEASVMRLHNFSISVGSMFLGVVGVTMHGCNLRIKVNQSNVNTPKYVFKTIKPGDSFNILACYDGTPAGVYGVNLRTNNTVRGSFINGACGSPGYNLVNGVVEFVYLHQLELGSGCHVGSNIDGVMYGGFEDQPTLQVEGSSNLVTVNVIAFLYGALLNGVNWWLTQERVTSDAYNEWAVQNGFTTVSTLDCFTILAAKTGVDVNRVLAAVQRLQKGFGGKSILGFTSLSDEFTVTEVVQQMYGVTLQ,microbat,Alphacoronavirus sp.,43.04
SARS-CoV-2-Mpro,ref|YP_008439216.1|,3C-like proteinase nsp5 [Bat coronavirus CDPHE15/USA/2006],AGLKKMAQPSGVVERCIVRVSYGNMVLNGLWLGDTVYCPRHVLAASTTTHIDYEHALAIMRLHNFSISYGNTFLGVVGCSTKGALLLIKVGQNNVHTPGSYTFRTLKPGDSFNILACYDGTATGVYGVNLRTNHTIRGSFINGACGSPGFNIHGSTVEFCYLHQLELGSGCHVGSDMNGAMYGGYEDQPSFQIEGVSNLVSENVVAFLYGALLNGCNWWLDQCGVTVEAYNDWAHSNGCTSLSSTDCFTILAAKTGVEVSRVLAAIQRLNVNFGGKAILGYTSLTDEFTVGEIIKQMFGVNLQ,Myotis lucifugus,Bat coronavirus CDPHE15/USA/2006,41.83
SARS-CoV-2-Mpro,ref|YP_006908641.2|,ORF1ab polyprotein [Rousettus bat coronavirus HKU10],PTISYNSTLQSGLRKMAQPSGVVEKCVVRVCYGNMALNGLWLGDVVICPRHVIASNTNALIDYEHEISVMRLHNFSVSVGNVFLGVVSATMKGANLHIKVNQTNVNTPEHSFKTIKQGESFNILACYDGMPSGVYGVTMRNNYTIRGSFITGACGSPGYNVTNGKVEFCYLHQLELGSGCHVGSNLEGVMYGCYEDQPTLQIEGVNHLVTPNVIAFLYGALLNGITWWLNSDKVSVESFNEWALNNGFTTCGNLDCFNMLSAKTGVDVQRLLAAVQRLHNSFGGKNILGYTTLTDEFTVGEVIKQMYGVTLQ,bat,Rousettus bat coronavirus HKU10,43.67
SARS-CoV-2-Mpro,ref|YP_001718604.1|,ORF1a polyprotein [Bat coronavirus 1A],PSISYNSTLQAGLRKFAQPSGVIEHCIVRVSYGNMVLNGLWLGDEVICPRHVIASSINSAIDYDHEYTMMRLHNFSVSSGNLFIGVVSAKMRGASLVIKVNQNNPHTPKHVFKTLRAGDAFNILACYDGVPSGVYGTILRHNKTIRGSFINGACGSPGFNINGDTVEFVYLHQLELGSGCHVGSNMEGVMYGGFDDQPSLQIEGADCLVTVNVIAFLYGAILNGCTWFLSNERVSAEVFNGWAHDNNFTDVGSFDCFNILAAKTGVDVQRILASIQKLAKGFGGRNIIGYASLTDEFTVSEVVKQMYGVSLQ,Not found,Bat coronavirus 1A,43.35
SARS-CoV-2-Mpro,ref|YP_001718603.1|,ORF1ab polyprotein [Bat coronavirus 1A],PSISYNSTLQAGLRKFAQPSGVIEHCIVRVSYGNMVLNGLWLGDEVICPRHVIASSINSAIDYDHEYTMMRLHNFSVSSGNLFIGVVSAKMRGASLVIKVNQNNPHTPKHVFKTLRAGDAFNILACYDGVPSGVYGTILRHNKTIRGSFINGACGSPGFNINGDTVEFVYLHQLELGSGCHVGSNMEGVMYGGFDDQPSLQIEGADCLVTVNVIAFLYGAILNGCTWFLSNERVSAEVFNGWAHDNNFTDVGSFDCFNILAAKTGVDVQRILASIQKLAKGFGGRNIIGYASLTDEFTVSEVVKQMYGVSLQ,Not found,Bat coronavirus 1A,43.35
SARS-CoV-2-Mpro,ref|YP_009200734.1|,ORF1ab polyprotein [BtRf-AlphaCoV/YN2012],AGLKKMAQPSGLVEPCVVRVSYGNTVLNGVWLDDKVYCPRHVLASDTTVTIDYDAAYHSMRLHNFSISKGNVFLGVVGAVMQGANLVITVSQANVNTPSYSFRTLKAGECFNILACYDGTPAGVYGVNLRSTHTIKGSFVNGACGSPGFVMNGHKVEFVYMHQIELGNASHVGSDMFGNIYGGFDDQPSIQLEGVATLITENVIAFLYAALINGERWWCSNERCTIDSFNEWALGNGFTNLVTGDGFSMLAAKTGIDVCQILSAIQRLATGLGGKTILGYASLTDEYTLSEVVRQMYGVNIQ,Rhinolophus ferrumequinum,BtRf-AlphaCoV/YN2012,45.1
SARS-CoV-2-Mpro,ref|YP_001552235.1|,ORF1a polyprotein [Rhinolophus bat coronavirus HKU2],AGLKKMAQPSGLVEPCVVRVSYGNTVLNGVWLDDKVYCPRHVLASDTTVTIDYDAVYHSMRLHNFSISKGNVFLGVVGAVMQGANLVITVSQANVNTPSYSFRTLKAGECFNILACYDGTPAGVYGVNLRSTHTIKGSFVNGACGSPGFVMNGYKVEFVYMHQIELGNASHVGSDMFGNIYGGFEDQPSIQLEGVATLITENVVAFLYAALINGERWWCSNERCTIDSFNEWALGNGFTNLVSGDGFSMLAAKTGVDVCQLLSAIQRLATGLGGKTILGYASVTDEYTLSEVVRQMYGVNIQ,Not found,Rhinolophus bat coronavirus HKU2,44.44
SARS-CoV-2-Mpro,ref|YP_009755889.1|,ORF1ab polyprotein [Alphacoronavirus Bat-CoV/P.kuhlii/Italy/3398-19/2015],PTISYNSTLQAGLRKMAQPSGIVEQCIVRVSYGNMVLNGVWLGDEVICPRHVIAESTTTLIDYDKAFSLIRLHNFSVSVGNIFLGVLSAKMRGALLYIKVNQSNVNTPNYSFKVLKPGDSFNILTCYEGVPSGVYGVTMRTNYTIRGSFINGACGSPGYNVNNGNVEFCYFHQLELGSGCHVGCDSNGQMYGGFEDQPTLQIEGANRLHTPNVLAFLYGALLNGCNWWLTSDRMNLEAFNDWATSNDFTPVTSIDTYTILSAKTGVDVQRLLAAITRLTKGFGGKKVLGYSSLNDEFTIAEVIRQMYGVSIQ,Pipistrellus kuhlii,Alphacoronavirus Bat-CoV/P.kuhlii/Italy/3398-19/2015,43.04
SARS-CoV-2-Mpro,ref|YP_001552234.1|,ORF1ab polyprotein [Rhinolophus bat coronavirus HKU2],AGLKKMAQPSGLVEPCVVRVSYGNTVLNGVWLDDKVYCPRHVLASDTTVTIDYDAVYHSMRLHNFSISKGNVFLGVVGAVMQGANLVITVSQANVNTPSYSFRTLKAGECFNILACYDGTPAGVYGVNLRSTHTIKGSFVNGACGSPGFVMNGYKVEFVYMHQIELGNASHVGSDMFGNIYGGFEDQPSIQLEGVATLITENVVAFLYAALINGERWWCSNERCTIDSFNEWALGNGFTNLVSGDGFSMLAAKTGVDVCQLLSAIQRLATGLGGKTILGYASVTDEYTLSEVVRQMYGVNIQ,Not found,Rhinolophus bat coronavirus HKU2,44.44
SARS-CoV-2-Mpro,ref|YP_004070193.2|,polyprotein ab [Feline infectious peritonitis virus],SGLRKMAQPSGVVEPCIVRVAYGNNVLNGLWLGDEVICPRHVIASDTSRVINYENELSSVRLHNFSIAKNNAFLGVVSAKYKGVNLVLKVNQVNPNTPEHKFKSVRPGESFNILACYEGCPGSVYGVNMRSQGTIKGSFIAGTCGSVGYVLENGTLYFVYMHHLELGNGSHVGSNLEGEMYGGYEDQPSMQLEGTNVMSSDNVVAFLYAALINGERWFVTNTSMTLESYNAWAKTNSFTEIVSTDAFNMLAAKTGYSVEKLLECIVRLNKGFGGRTILSYGSLCDEFTPTEVIRQMYGVNLQ,Not found,Feline infectious peritonitis virus,44.12
SARS-CoV-2-Mpro,ref|NP_058423.1|,replicase [Transmissible gastroenteritis virus],SGLRKMAQPSGLVEPCIVRVSYGNNVLNGLWLGDEVICPRHVIASDTTRVINYENEMSSVRLHNFSVSKNNVFLGVVSARYKGVNLVLKVNQVNPNTPEHKFKSIKAGESFNILACYEGCPGSVYGVNMRSQGTIKGSFIAGTCGSVGYVLENGILYFVYMHHLELGNGSHVGSNFEGEMYGGYEDQPSMQLEGTNVMSSDNVVAFLYAALINGERWFVTNTSMSLESYNTWAKTNSFTELSSTDAFSMLAAKTGQSVEKLLDSIVRLNKGFGGRTILSYGSLCDEFTPTEVIRQMYGVNLQ,pig,Transmissible gastroenteritis virus,44.77
SARS-CoV-2-Mpro,ref|YP_010799723.1|,polyprotein 1ab [Alphacoronavirus sp.],PTISYNSTLQAGLRKMAQPSGVVEKCVVRVSYGNMVLNGLWLGDQVFCPRHVVAESTTSAIDYEKAYSLIRLHNFSIAVGTAFLGVVGVQMKGTMLVIKVNQSNMNTPKYSFRTLKPGDSFNILACYEGTPSGVYGVTLRSNHTIRGSFINGACGSPGYNITSNGVEFCYLHQLELGSGCHVGSDLNGVMYGGFEDQPSLQIEGASRLYTANVVAFLYGALLNGCNWWLTSEQVTVDAFNDWSNSNDFTQLTAVETLNVLTAKTGVSVQRVLAAIQRLSKGFGGNKILGFSSLTDEFTVGEVLKQMYGVNIQ,microbat,Alphacoronavirus sp.,42.72
SARS-CoV-2-Mpro,ref|NP_058422.1|,replicase [Transmissible gastroenteritis virus],SGLRKMAQPSGLVEPCIVRVSYGNNVLNGLWLGDEVICPRHVIASDTTRVINYENEMSSVRLHNFSVSKNNVFLGVVSARYKGVNLVLKVNQVNPNTPEHKFKSIKAGESFNILACYEGCPGSVYGVNMRSQGTIKGSFIAGTCGSVGYVLENGILYFVYMHHLELGNGSHVGSNFEGEMYGGYEDQPSMQLEGTNVMSSDNVVAFLYAALINGERWFVTNTSMSLESYNTWAKTNSFTELSSTDAFSMLAAKTGQSVEKLLDSIVRLNKGFGGRTILSYGSLCDEFTPTEVIRQMYGVNLQ,pig,Transmissible gastroenteritis virus,44.77
SARS-CoV-2-Mpro,ref|YP_009328934.1|,ORF1a protein [NL63-related bat coronavirus],PTVSYNSTLQAGLKKMAQPSGCVERCVVRVCYGNTVLNGVWLGDVVTCPRHVIAPSTTSLIDYEHAYSTMRLHNFSISYNGVFLGVVGATMHGSVLRIKVSQSNVHTPKHVFKTLKPGDSFNILACYEGVASGVFGVNLRTNSTIKGSFINGACGSPGYNVKSDGTVEFCYLHQIELGSGAHVGSDFSGSIYGCFDDRPSLQVEGANLMLSDNVIAFMYAALLNGCRWWLRPERTNVDVFNDWAVANGYTSVSSVDCYSILAAKTGVSVEQILAAIQRLCDGFGGKTILGYPSLCDEFTLAEVVKQMYGVNLQ,Triaenops afer,NL63-related bat coronavirus,43.67
SARS-CoV-2-Mpro,ref|YP_009328933.1|,ORF1ab protein [NL63-related bat coronavirus],PTVSYNSTLQAGLKKMAQPSGCVERCVVRVCYGNTVLNGVWLGDVVTCPRHVIAPSTTSLIDYEHAYSTMRLHNFSISYNGVFLGVVGATMHGSVLRIKVSQSNVHTPKHVFKTLKPGDSFNILACYEGVASGVFGVNLRTNSTIKGSFINGACGSPGYNVKSDGTVEFCYLHQIELGSGAHVGSDFSGSIYGCFDDRPSLQVEGANLMLSDNVIAFMYAALLNGCRWWLRPERTNVDVFNDWAVANGYTSVSSVDCYSILAAKTGVSVEQILAAIQRLCDGFGGKTILGYPSLCDEFTLAEVVKQMYGVNLQ,Triaenops afer,NL63-related bat coronavirus,43.67
SARS-CoV-2-Mpro,ref|YP_009199240.1|,replicase polyprotein 1a [Swine enteric coronavirus],SGLRKMAQPSGLVEPCIVRVSYGNNVLNGLWLGDEVICPRHVIASDTTRVINYENEMSSVRLHNFSVSKHNVFLGVVSARCKGVNLVLKVNQVNPNTPEHKFKSVKAGESFNILACYEGCPGSVYGVNMRSQGTIKGSFIAGTCGSVGYVLENGILYFVYMHHLELGNGSHVGANFEGEMYGGYEDQPSMQLEGTNVMSSDNVVAFLYAALINGERWFITNTSMSLESYNTWAKTNSFTELSSTDAFSMLAAKTGQSVEKLLDSIVRLNKGFGGRTILSYGSLCDEFTPTEVIRQMYGVNLQ,pig,Swine enteric coronavirus,44.44
SARS-CoV-2-Mpro,ref|YP_009199608.1|,ORF1ab polyprotein [BtMr-AlphaCoV/SAX2011],SGLKKMAQPSGIVEPCVVRVSYNSTVLNGLWLGDTVYCPRHIIASNTNAVIDYDHAYTVMRLHNFSISAGNIYLGVVSATMHGANLHIKVNQSNVHTPVHSFRTVKPGEMFNILACYDGTPAGVYSVNLRTNHTIKGSFINGACGSPGYNIVNGTVEFVYMHQIELGSGCHVGSSFDGKIYGNYEDQPTLQIEGSANLVTDNVVAFLYGALLNGITWWLSPSRITVEAFNEWASVSGYTPLQSADGYSILAAKTGVEVERILSSIQKHANGFGGRNVLGYSALTDDFTLSEVVKQMFGVNLQ,Myotis ricketti,BtMr-AlphaCoV/SAX2011,42.81
SARS-CoV-2-Mpro,ref|YP_010229075.1|,ORF1a polyprotein [Human coronavirus NL63],PTISYNSTLQSGLKKMAQPSGCVERCVVRVCYGSTVLNGVWLGDTVTCPRHVIAPSTTVLIDYDHAYSTMRLHNFSVSHNGVFLGVVGVTMHGSVLRIKVSQSNVHTPKHVFKTLKPGDSFNILACYEGIASGVFGVNLRTNFTIKGSFINGACGSPGYNVRNDGTVEFCYLHQIELGSGAHVGSDFTGSVYGNFDDQPSLQVESANLMLSDNVVAFLYAALLNGCRWWLCSTRVNVDGFNEWAMANGYTSVSSVECYSILAAKTGVSVEQLLASIQHLHEGFGGKNILGYSSLCDEFTLAEVVKQMYGVNLQ,Not found,Human coronavirus NL63,43.35
SARS-CoV-2-Mpro,ref|YP_010037473.1|,orf1ab polyprotein [Hipposideros pomona bat coronavirus CHB25],PTISYNSTLQAGLRKMAQPSGIVERCVVRVCYGSMSLNGLWLGDTVICPRHVIASNTNAVIDYDYENSVMRLHNFSVSVGNVFLGVVSVSMKGANLHIKVNQSNVNTPEHSFKTLKAGDSFNILACYDGVPSGVYGVTMRTNGVIRGSFITGACGSPGYNVNKGKVEFCYLHQLELGSGCHVGSNLEGVMYGGFEDQPTFQIEGANQLVTINVLAFLYGALLNGINWWLTSDKVSVDTFNSWATANGFTQCGSLDCFNMLAAKTGVDVQRLLAAVQRLHVSFGGKNILGFTTLTDEFTIGEVIKQMYGVTLQ,Hipposideros larvatus,Hipposideros pomona bat coronavirus CHB25,42.72
SARS-CoV-2-Mpro,ref|YP_003766.2|,ORF1ab polyprotein [Human coronavirus NL63],PTISYNSTLQSGLKKMAQPSGCVERCVVRVCYGSTVLNGVWLGDTVTCPRHVIAPSTTVLIDYDHAYSTMRLHNFSVSHNGVFLGVVGVTMHGSVLRIKVSQSNVHTPKHVFKTLKPGDSFNILACYEGIASGVFGVNLRTNFTIKGSFINGACGSPGYNVRNDGTVEFCYLHQIELGSGAHVGSDFTGSVYGNFDDQPSLQVESANLMLSDNVVAFLYAALLNGCRWWLCSTRVNVDGFNEWAMANGYTSVSSVECYSILAAKTGVSVEQLLASIQHLHEGFGGKNILGYSSLCDEFTLAEVVKQMYGVNLQ,Not found,Human coronavirus NL63,43.35
SARS-CoV-2-Mpro,ref|YP_009201729.1|,ORF1ab polyprotein [BtNv-AlphaCoV/SC2013],PTISYNSTLQAGLRKMAQPSGMVEKCIVRVAYGNMVLNGVWLGDEVYCPRHVIAENTTTLIDYDKAFSLIRLHNFSVSVGNVFLGVVSCRMRGALLCIKVNQANVNTPNYTFKTLKPGDSFNILACYEGVASGVYGVTLRNNSTVRGSFINGACGSPGYNLVGNTVEFCYFHQLELGSGCHVGSDANGVMYGNFDDQPTLQIEGASRLYTANVVSFLYGALLNGCNWWLTSDRLTLEAFNDWATSNDFTTLSSVDMYTILSAKTGVDVARVLAAIQKLAKGFGGNKILGYSSLTDEFTAGEVIKQMYGVTLQ,Nyctalus velutinus,BtNv-AlphaCoV/SC2013,43.04
SARS-CoV-2-Mpro,ref|YP_009380519.1|,orf1a polyprotein [Coronavirus AcCoV-JC34],SGFRKIAQPSGLVEPCIVRVTYHNSYLNGVWLGDQVYAPRHVIASDTTRVVDYETEQNLVRSHNFSISRGNSFLTVKGFRFEGCNVVINVAEVNPLTPEYKFDTLKPGDNFNILACYDGIPSGVYGVTLRYNSTIKGSFVNGTCGSPGYVVSNGVIKFCYLHQMELGSGAHVGSDFTGKMYGGYQDQAKVQIEGANRLITENVVAFFYAALFNGERWWCSKSSTCITNFNSWAAENNFTQLAATDVFNLVASKTGVSVEQILAAIITYSKGFGHRTLLGYASINDEYTITEVMQQMFGVQLQ,Apodemus chevrieri,Coronavirus AcCoV-JC34,42.16
SARS-CoV-2-Mpro,ref|NP_740623.1|,coronavirus nsp2 (3CL-Pro) [Infectious bronchitis virus],SGFKKLVSPSSAVEKCIVSVSYRGNNLNGLWLGDTIYCPRHVLGKFSGDQWNDVLNLANNHEFEVTTQHGVTLNVVSRRLKGAVLILQTAVANAETPKYKFIKANCGDSFTIACAYGGTVVGLYPVTMRSNGTIRASFLAGACGSVGFNIEKGVVNFFYMHHLELPNALHTGTDLMGEFYGGYVDEEVAQRVPPDNLVTNNIVAWLYAAIISVKESSFSLPKWLESTTVSVDDYNKWAGDNGFTPFSTSTAITKLSAITGVDVCKLLRTIMVKNSQWGGDPILGQYNFEDELTPESVFNQIGGVRLQ,Not found,Infectious bronchitis virus,42.81
SARS-CoV-2-Mpro,ref|YP_010037559.1|,orf1ab polyprotein [Tylonycteris bat coronavirus HKU33],PTVSYNSTLQSGLRKMAQPSGLIEKCVVRVSYGNMVLNGLWIGDQVICPRHVIAENTTTVIDYDKAYSLVRLHNFSVVVGNVMLGVVSVAMRGTLLYIKVNQTNVNTPKHTFKVLKPGDSFNILACYEGVASGVYGVTLRNNHTIRGSFINGACGSPGYNLTNGGVEFCYIHQLELGSGCHVGSDINGIMYGGFEDQPTLQVEGASKLFTSNVIAFLYGALLNGCNWWLTSDRVNVDAFNDWACSNDFTTISTVDMYTILSAKTGVDVQRILAAIQRLSKGFGGNKILGYASLTDEFTVGEVVKQMYGVTLQ,Tylonycteris robustula,Tylonycteris bat coronavirus HKU33,42.41
SARS-CoV-2-Mpro,ref|YP_001941178.1|,NSP5 [Turkey coronavirus],AGFKKLVCPSSAVENCIVSVSYRGNNLNGLWLGDAIYCPRHVLGKFSGDQWSDVLNLANNHEFEVVTQNGVTLNVVSRRLRGAVLILQTAVANADTPNYKFVKANCGDSFTIACSYGGTVVGLYPVTMRPNGTIRASFLAGACGSVGFNIEKGVVTFVYMHHLELPNALHTGTDLFGDFYGDYVDEEVAQRVPPDNLVTNNIVAWLYAAIISVKESSFSLPKWLESTTVSVEDYNKWAGDNGFTPFSTSTAITKLSAITGVDVCKLLRTIMVKSSQWGSDPILGQYNFEDELTPESVFNQVGGVRLQ,turkey,Turkey coronavirus,41.83
SARS-CoV-2-Mpro,ref|YP_001876436.1|,ORF 1a polyprotein [Beluga whale coronavirus SW1],AGIKKMVAPSSAVEQCVVSVVHGNTQLNGLWLNDYVLCPRHILGKYTGEQWRDALINANNFDFHILYKGMELQVVGRELVGALLKLKVSMVNANTPKYKFAKARIGDNFSIACAYNGHVSGLYTVTLRENGTLKGSFMSGSCGSVGYNVTNEGVEFVYMHHLELPGCVHGGSDLHGIFYGGYVDEEVLQRIPPAPANSRNIVAWLYAAVYNNCDWFVKYGPKQVMSVEDFNEWASGYGFTKFEYHLAFDVFSAATGVSVEQMLAAIKELADGWNYAPVLGSFHLDDEYSPEMIMQQTSGIVLQ,Delphinapterus leucas (beluga whale),Beluga whale coronavirus SW1,42.16
SARS-CoV-2-Mpro,ref|YP_009336483.1|,ORF1ab polyprotein [Lucheng Rn rat coronavirus],SGFKKIAQPSGLVEPCVVKVTYLNSYLNGVWLGDQVYAPRHVIASDVTKIVDYDTEQNLVRSHNFSISRGNSYLTVKGFRFEGCNVVISVVEVNPFTPEHKFDTLKPGDNFNILACYDGIPSGVYGVTLRHNSTIKGSFVNGTCGSPGYVISNGVIKFCYLHQMELGSGAHVGSDFNGKMYGGYQDQARIQVEGANKLITENVIAFFYAALLNGERWWCSKDSVCVTNFNSWAADNHYTMLSTTDVFNLVASKTGVSVEQVLAAIISYAKGFGHRTILGYASINDEYTITEVMQQMFGVQLQ,Rattus norvegicus,Lucheng Rn rat coronavirus,41.83
SARS-CoV-2-Mpro,ref|YP_009755914.1|,nsp5 [Canada goose coronavirus],AGFKKLVAPSSGIENVLVMVRFKGNVLNGIWLNDLIYCPRHVIGKYSGDDWQNALHMANNFDFEVISNKIGGLSVIERRMQGALLVLRVNQSNKNTPKFKFVKAHDGDTFTIACSYNGVIAGLYPCTLRANGTIKGSFGLGSCGSIGYNLVNGIYELCYMHHLELPGAIHAGTDLSGNFYGDFVDEEKAQFVKPDPLIANNVVAWLYAAIINYRESHYCYPKWLESSSVSLEEFNAWAKDNGFTSFIDGPVFQKLASITGVELGRVLRTILTKHACWGNDPILGSFSFDDEITPFSVVEQCGGVVLQ,Branta canadensis,Canada goose coronavirus,41.83
SARS-CoV-2-Mpro,ref|YP_001876435.1|,ORF 1ab polyprotein [Beluga whale coronavirus SW1],AGIKKMVAPSSAVEQCVVSVVHGNTQLNGLWLNDYVLCPRHILGKYTGEQWRDALINANNFDFHILYKGMELQVVGRELVGALLKLKVSMVNANTPKYKFAKARIGDNFSIACAYNGHVSGLYTVTLRENGTLKGSFMSGSCGSVGYNVTNEGVEFVYMHHLELPGCVHGGSDLHGIFYGGYVDEEVLQRIPPAPANSRNIVAWLYAAVYNNCDWFVKYGPKQVMSVEDFNEWASGYGFTKFEYHLAFDVFSAATGVSVEQMLAAIKELADGWNYAPVLGSFHLDDEYSPEMIMQQTSGIVLQ,Delphinapterus leucas (beluga whale),Beluga whale coronavirus SW1,42.16
SARS-CoV-2-Mpro,ref|YP_009194638.1|,polyprotein ORF1a [Camel alphacoronavirus],PTVSYGSTLQAGLRKMAQPSGIVEKCVVRVCYGNTVLNGLWLGDIVYCPRHVIASNTTAAIDYDHEYSIMRLHNFSINSGTAFLGVVGATMHGATLKIKVSQTNMHTPRHSFKTLKSGEGFNILACYDGCAQGVFGVNMRTNWTIRGSFINGACGSPGYNLKNGEVEFVYMHQIELGSGSHVGSSFDGVMYGGFEDQPNLQVESANQMLTVNVVAFLYAAILNGCIWWLKGDKLSVEHYNEWAQANGFTAMNGEDAFSILAAKTGVCVERLLHAIQVLNNGFGGKNILGYSSLNDEFNINEVVKQMFGVNLQ,camel,Camel alphacoronavirus,40.19
SARS-CoV-2-Mpro,ref|NP_073550.1|,replicase polyprotein 1a [Human coronavirus 229E],PTVSYGSTLQAGLRKMAQPSGFVEKCVVRVCYGNTVLNGLWLGDIVYCPRHVIASNTTSAIDYDHEYSIMRLHNFSIISGTAFLGVVGATMHGVTLKIKVSQTNMHTPRHSFRTLKSGEGFNILACYDGCAQGVFGVNMRTNWTIRGSFINGACGSPGYNLKNGEVEFVYMHQIELGSGSHVGSSFDGVMYGGFEDQPNLQVESANQMLTVNVVAFLYAAILNGCTWWLKGEKLFVEHYNEWAQANGFTAMNGEDAFSILAAKTGVCVERLLHAIQVLNNGFGGKQILGYSSLNDEFSINEVVKQMFGVNLQ,Not found,Human coronavirus 229E,40.19
