id,sequence
YP_009725295_1,SGFRKMAFPSGKVEGCMVQVTCGTTTLNGLWLDDVVYCPRHVICTSEDMLNPNYEDLLIRKSNHNFLVQAGNVQLRVIGHSMQNCVLKLKVDTANPKTPKYKFVRIQPGQTFSVLACYNGSPSGVYQCAMRPNFTIKGSFLNGSCGSVGFNIDYDCVSFCYMHHMELPTGVHAGTDLEGNFYGPFVDRQTAQAAGTDTTITVNVLAWLYAAVINGDRWFLNRFTTTLNDFNLVAMKYNYEPLTQDHVDILGPLSAQTGIAVLDMCASLKELLQNGMNGRTILGSALLEDEFTPFDVVRQCSG
YP_009944365_1,SGFRKMAFPSGKVEGCMVQVTCGTTTLNGLWLDDTVYCPRHVICTAEDMLNPNYEDLLIRKSNHSFLVQAGNVQLRVIGHSMQNCLLRLKVDTSNPKTPKYKFVRIQPGQTFSVLACYNGSPSGVYQCAMRPNHTIKGSFLNGSCGSVGFNIDYDCVSFCYMHHMELPTGVHAGTDLEGKFYGPFVDRQTAQAAGTDTTITLNVLAWLYAAVINGDRWFLNRFTTTLNDFNLVAMKYNYEPLTQDHVDILGPLSAQTGIAVLDMCAALKELLQNGMNGRTILGSTILEDEFTPFDVVRQCSG
YP_009924387_1,AGLTRMAHPSGLVEPCLVKVNYGSMTLNGIWLDNFVICPRHVMCSRDELANPDYPRLSMRAANYDFHVSQNGHNIRVIGHTMEGSLLKLTVDVNNPKTPAYSFIRVSTGQAMSLLACYDGLPTGVYTCTLRSNGTMRASFLCGSCGSPGFVMNGKEVQFCYLHQLELPNGTHTGTDFSGVFYGPFEDKQVPQLAAPDCTITVNVLAWLYAAVLSGENWFLTKSSISPAEFNNCAVKYMCQSVTSESLQVLQPLAAKTGISVERMLSALKVLLSAGFCGRTIMGSCSLEDEHTPYDIGRQMLG
YP_009047217_1,SGLVKMSHPSGDVEACMVQVTCGSMTLNGLWLDNTVWCPRHVMCPADQLSDPNYDALLISMTNHSFSVQKHIGAPANLRVVGHAMQGTLLKLTVDVANPSTPAYTFTTVKPGAAFSVLACYNGRPTGTFTVVMRPNYTIKGSFLCGSCGSVGYTKEGSVINFCYMHQMELANGTHTGSAFDGTMYGAFMDKQVHQVQLTDKYCSVNVVAWLYAAILNGCAWFVKPNRTSVVSFNEWALANQFTEFVGTQSVDMLAVKTGVAIEQLLYAIQQLYTGFQGKQILGSTMLEDEFTPEDVNMQIMG
YP_009944273_1,SGIVKMVSPTSKIEPCIVSVTYGSMTLNGLWLDDKVYCPRHVICSSSNMNEPDYSALLCRVTLGDFTIMSGRMSLTVVSYQMQGCQLVLTVSLQNPYTPKYTFGNVKPGETFTVLAAYNGRPQGAFHVTMRSSYTIKGSFLCGSCGSVGYVLTGDSVKFVYMHQLELSTGCHTGTDFTGNFYGPYRDAQVVQLPVKDYVQTVNVIAWLYAAILNNCAWFVQNDVCSTEDFNVWAMANGFSQVKADLVLDALASMTGVSIETLLAAIKRLYMGFQGRQILGSCTFEDELAPSDVYQQLAG
YP_009555250_1,SGIVKMVNPTSKVEPCVVSVTYGNMTLNGLWLDDKVYCPRHVICSASDMTNPDYTNLLCRVTSSDFTVLFDRLSLTVMSYQMRGCMLVLTVTLQNSRTPKYTFGVVKPGETFTVLAAYNGKPQGAFHVTMRSSYTIKGSFLCGSCGSVGYVIMGDCVKFVYMHQLELSTGCHTGTDFNGDFYGPYKDAQVVQLLIQDYIQSVNFVAWLYAAILNNCNWFVQSDKCSVEDFNVWALSNGFSQVKSDLVIDALASMTGVSLETLLAAIKRLKNGFQGRQIMGSCSFEDELTPSDVYQQLAG
NP_835346_1,AGLRKMAQPSGFVEKCVVRVCYGNTVLNGLWLGDIVYCPRHVIASNTTSAIDYDHEYSIMRLHNFSIISGTAFLGVVGATMHGVTLKIKVSQTNMHTPRHSFRTLKSGEGFNILACYDGCAQGVFGVNMRTNWTIRGSFINGACGSPGYNLKNGEVEFVYMHQIELGSGSHVGSSFDGVMYGGFEDQPNLQVESANQMLTVNVVAFLYAAILNGCTWWLKGEKLFVEHYNEWAQANGFTAMNGEDAFSILAAKTGVCVERLLHAIQVLNNGFGGKQILGYSSLNDEFSINEVVKQMFG
YP_001718611_1,SGLKKMAQPSGIVEKCVVRVCYGNMTLNGLWLGDIVVCPRHVMASSTTNTIDYEYEYSMMRLHNFSVSVGNVFLGVNGVTMEGVNLHIKVNQSNPHTPKHTFRTLKPGDSFNILACYDGTPAGVYGITMRPNYTIRGSFINGACGSPGYNVVNGNVEFCYLHQLELGSGCHVGSNFDGIMYGNFQDQPSLQIEGADQLVTPNVVAFLYGALLNGVNWFVSPERLSVEAFNEWAHNNGFTDMSGAECFTMLAAKTGVDVQRVLASIQKIAKSFGGRNILGFTSLTDEFTAAEVIKQMYG
YP_008439216_1,AGLKKMAQPSGVVERCIVRVSYGNMVLNGLWLGDTVYCPRHVLAASTTTHIDYEHALAIMRLHNFSISYGNTFLGVVGCSTKGALLLIKVGQNNVHTPGSYTFRTLKPGDSFNILACYDGTATGVYGVNLRTNHTIRGSFINGACGSPGFNIHGSTVEFCYLHQLELGSGCHVGSDMNGAMYGGYEDQPSFQIEGVSNLVSENVVAFLYGALLNGCNWWLDQCGVTVEAYNDWAHSNGCTSLSSTDCFTILAAKTGVEVSRVLAAIQRLNVNFGGKAILGYTSLTDEFTVGEIIKQMFG
YP_010229075_1,SGLKKMAQPSGCVERCVVRVCYGSTVLNGVWLGDTVTCPRHVIAPSTTVLIDYDHAYSTMRLHNFSVSHNGVFLGVVGVTMHGSVLRIKVSQSNVHTPKHVFKTLKPGDSFNILACYEGIASGVFGVNLRTNFTIKGSFINGACGSPGYNVRNDGTVEFCYLHQIELGSGAHVGSDFTGSVYGNFDDQPSLQVESANLMLSDNVVAFLYAALLNGCRWWLCSTRVNVDGFNEWAMANGYTSVSSVECYSILAAKTGVSVEQLLASIQHLHEGFGGKNILGYSSLCDEFTLAEVVKQMYG
YP_010037473_1,AGLRKMAQPSGIVERCVVRVCYGSMSLNGLWLGDTVICPRHVIASNTNAVIDYDYENSVMRLHNFSVSVGNVFLGVVSVSMKGANLHIKVNQSNVNTPEHSFKTLKAGDSFNILACYDGVPSGVYGVTMRTNGVIRGSFITGACGSPGYNVNKGKVEFCYLHQLELGSGCHVGSNLEGVMYGGFEDQPTFQIEGANQLVTINVLAFLYGALLNGINWWLTSDKVSVDTFNSWATANGFTQCGSLDCFNMLAAKTGVDVQRLLAAVQRLHVSFGGKNILGFTTLTDEFTIGEVIKQMYG
YP_009336483_1,SGFKKIAQPSGLVEPCVVKVTYLNSYLNGVWLGDQVYAPRHVIASDVTKIVDYDTEQNLVRSHNFSISRGNSYLTVKGFRFEGCNVVISVVEVNPFTPEHKFDTLKPGDNFNILACYDGIPSGVYGVTLRHNSTIKGSFVNGTCGSPGYVISNGVIKFCYLHQMELGSGAHVGSDFNGKMYGGYQDQARIQVEGANKLITENVIAFFYAALLNGERWWCSKDSVCVTNFNSWAADNHYTMLSTTDVFNLVASKTGVSVEQVLAAIISYAKGFGHRTILGYASINDEYTITEVMQQMFG
YP_001876436_1,AGIKKMVAPSSAVEQCVVSVVHGNTQLNGLWLNDYVLCPRHILGKYTGEQWRDALINANNFDFHILYKGMELQVVGRELVGALLKLKVSMVNANTPKYKFAKARIGDNFSIACAYNGHVSGLYTVTLRENGTLKGSFMSGSCGSVGYNVTNEGVEFVYMHHLELPGCVHGGSDLHGIFYGGYVDEEVLQRIPPAPANSRNIVAWLYAAVYNNCDWFVKYGPKQVMSVEDFNEWASGYGFTKFEYHLAFDVFSAATGVSVEQMLAAIKELADGWNYAPVLGSFHLDDEYSPEMIMQQTSG
YP_010037559_1,SGLRKMAQPSGLIEKCVVRVSYGNMVLNGLWIGDQVICPRHVIAENTTTVIDYDKAYSLVRLHNFSVVVGNVMLGVVSVAMRGTLLYIKVNQTNVNTPKHTFKVLKPGDSFNILACYEGVASGVYGVTLRNNHTIRGSFINGACGSPGYNLTNGGVEFCYIHQLELGSGCHVGSDINGIMYGGFEDQPTLQVEGASKLFTSNVIAFLYGALLNGCNWWLTSDRVNVDAFNDWACSNDFTTISTVDMYTILSAKTGVDVQRILAAIQRLSKGFGGNKILGYASLTDEFTVGEVVKQMYG
YP_005352862_1,AGIKRLLSPSGSVEKCMVSVHYRGLTLNGIWLNNVIYCPRHILGKYQASFWQDAVKVADTRDFVINSQHSKIQFRPVGLRLNNAILQIVLPTEQNNPHTPDYEFVTAKPGSSMTIACTYDGIVSAIYHVIMQTNGLIYASFMNGACGSVGYTLKNGKLLLHYMHHLEFNNKTHGGTDLNGNFYGDYIDEEIAQSISKAATLTDNALAHIYAHLSTISTKPKWLSYQELSVEDFNDWAKNNDHTQFPSCDENYTYLDALAKSTGVSIKRVLSTLVTLHTNWGSASVLGMSTFDLDFTPEMVYNQA
YP_009513020_1,AGIKILLHPSGVVERCMVSVVYNGSALNGIWLKNVVYCPRHVIGKFRGDQWTHMVSIADCRDFIVKCPIQGIQLNVQSVKMVGALLQLTVHTNNTATPDYKFERLQPGSSMTIACAYDGIVRHVYHVVLQLNNLIYASFLNGACGSVGYTLKGKTLYLHYMHHIEFNNKTHSGTDLEGNFYGPYVDEEVIQQQTAFQYYTDNVVAQLYAHLLTVDARPKWLAQSQISIEDFNSWAANNSFANFPCEQTNMSYIMGLSQTARVPVERILNTIIQLTTNRDGACIMGSYDFECDWTPEMVYNQ
YP_002308478_1,AGIKILLHPSGVVERCMVAVTYNGSALNGVWLNNVVYCPRHVLGKYRGEQWQHMVSIADCRDFAITCPAQGIQLTVQSIKMVGAILQLTVHTSNSGTPDYEFVRITPGSSMTIACAYDGVVRNVYHVVLQTNNLIYASFLNGACGSVGYTLRGKTLLLHYMHHLEFNNQTHGGTDLHGQFYGPYIDEEVAQQQTAFQYYTDNVVAQLYAHLLTIDASPRWLASAEISESDFNSWASSNSFANFPCEQSNMAYILGLSQTAKVSVGRILNTIIQLTLNRSGALIMGKPDFECDWTPEMVYNQ
